-- phpMyAdmin SQL Dump
-- version 5.2.0
-- https://www.phpmyadmin.net/
--
-- Host: localhost:3306
-- Generation Time: May 26, 2026 at 04:56 AM
-- Server version: 8.0.30
-- PHP Version: 8.3.14

SET SQL_MODE = "NO_AUTO_VALUE_ON_ZERO";
START TRANSACTION;
SET time_zone = "+00:00";


/*!40101 SET @OLD_CHARACTER_SET_CLIENT=@@CHARACTER_SET_CLIENT */;
/*!40101 SET @OLD_CHARACTER_SET_RESULTS=@@CHARACTER_SET_RESULTS */;
/*!40101 SET @OLD_COLLATION_CONNECTION=@@COLLATION_CONNECTION */;
/*!40101 SET NAMES utf8mb4 */;

--
-- Database: `monitoring_jaringan`
--

-- --------------------------------------------------------

--
-- Table structure for table `cache`
--

CREATE TABLE `cache` (
  `key` varchar(255) COLLATE utf8mb4_unicode_ci NOT NULL,
  `value` mediumtext COLLATE utf8mb4_unicode_ci NOT NULL,
  `expiration` bigint NOT NULL
) ENGINE=InnoDB DEFAULT CHARSET=utf8mb4 COLLATE=utf8mb4_unicode_ci;

-- --------------------------------------------------------

--
-- Table structure for table `cache_locks`
--

CREATE TABLE `cache_locks` (
  `key` varchar(255) COLLATE utf8mb4_unicode_ci NOT NULL,
  `owner` varchar(255) COLLATE utf8mb4_unicode_ci NOT NULL,
  `expiration` bigint NOT NULL
) ENGINE=InnoDB DEFAULT CHARSET=utf8mb4 COLLATE=utf8mb4_unicode_ci;

-- --------------------------------------------------------

--
-- Table structure for table `devices`
--

CREATE TABLE `devices` (
  `id` bigint UNSIGNED NOT NULL,
  `name` varchar(255) COLLATE utf8mb4_unicode_ci NOT NULL,
  `ip_address` varchar(255) COLLATE utf8mb4_unicode_ci NOT NULL,
  `location` varchar(255) COLLATE utf8mb4_unicode_ci DEFAULT NULL,
  `type` varchar(255) COLLATE utf8mb4_unicode_ci NOT NULL DEFAULT 'router',
  `status` enum('up','down','unknown') COLLATE utf8mb4_unicode_ci NOT NULL DEFAULT 'unknown',
  `response_time` int DEFAULT NULL,
  `last_checked_at` timestamp NULL DEFAULT NULL,
  `is_active` tinyint(1) NOT NULL DEFAULT '1',
  `congestion_threshold_ms` int NOT NULL DEFAULT '150',
  `congestion_check_count` int NOT NULL DEFAULT '5',
  `description` text COLLATE utf8mb4_unicode_ci,
  `created_at` timestamp NULL DEFAULT NULL,
  `updated_at` timestamp NULL DEFAULT NULL
) ENGINE=InnoDB DEFAULT CHARSET=utf8mb4 COLLATE=utf8mb4_unicode_ci;

--
-- Dumping data for table `devices`
--

INSERT INTO `devices` (`id`, `name`, `ip_address`, `location`, `type`, `status`, `response_time`, `last_checked_at`, `is_active`, `congestion_threshold_ms`, `congestion_check_count`, `description`, `created_at`, `updated_at`) VALUES
(22, 'hapk', '192.168.1.3', 'kadis', 'lainnya', 'up', 997, '2026-05-25 19:56:18', 1, 150, 5, 'hp', '2026-05-22 20:16:01', '2026-05-25 19:56:18'),
(23, 'hp', '192.168.1.5', 'kos', 'lainnya', 'up', 995, '2026-05-25 19:56:24', 1, 150, 5, 'hp', '2026-05-22 20:16:49', '2026-05-25 19:56:24'),
(25, 'hp clau', '192.168.1.8', 'jalan', 'lainnya', 'up', 4, '2026-05-25 19:56:25', 1, 150, 5, 'hp', '2026-05-22 20:24:27', '2026-05-25 19:56:25'),
(26, 'hp hp', '192.168.1.11', 'gydang', 'lainnya', 'up', 1007, '2026-05-25 19:56:30', 1, 150, 5, 'hp', '2026-05-22 20:25:43', '2026-05-25 19:56:30');

-- --------------------------------------------------------

--
-- Table structure for table `failed_jobs`
--

CREATE TABLE `failed_jobs` (
  `id` bigint UNSIGNED NOT NULL,
  `uuid` varchar(255) COLLATE utf8mb4_unicode_ci NOT NULL,
  `connection` text COLLATE utf8mb4_unicode_ci NOT NULL,
  `queue` text COLLATE utf8mb4_unicode_ci NOT NULL,
  `payload` longtext COLLATE utf8mb4_unicode_ci NOT NULL,
  `exception` longtext COLLATE utf8mb4_unicode_ci NOT NULL,
  `failed_at` timestamp NOT NULL DEFAULT CURRENT_TIMESTAMP
) ENGINE=InnoDB DEFAULT CHARSET=utf8mb4 COLLATE=utf8mb4_unicode_ci;

-- --------------------------------------------------------

--
-- Table structure for table `jobs`
--

CREATE TABLE `jobs` (
  `id` bigint UNSIGNED NOT NULL,
  `queue` varchar(255) COLLATE utf8mb4_unicode_ci NOT NULL,
  `payload` longtext COLLATE utf8mb4_unicode_ci NOT NULL,
  `attempts` smallint UNSIGNED NOT NULL,
  `reserved_at` int UNSIGNED DEFAULT NULL,
  `available_at` int UNSIGNED NOT NULL,
  `created_at` int UNSIGNED NOT NULL
) ENGINE=InnoDB DEFAULT CHARSET=utf8mb4 COLLATE=utf8mb4_unicode_ci;

-- --------------------------------------------------------

--
-- Table structure for table `job_batches`
--

CREATE TABLE `job_batches` (
  `id` varchar(255) COLLATE utf8mb4_unicode_ci NOT NULL,
  `name` varchar(255) COLLATE utf8mb4_unicode_ci NOT NULL,
  `total_jobs` int NOT NULL,
  `pending_jobs` int NOT NULL,
  `failed_jobs` int NOT NULL,
  `failed_job_ids` longtext COLLATE utf8mb4_unicode_ci NOT NULL,
  `options` mediumtext COLLATE utf8mb4_unicode_ci,
  `cancelled_at` int DEFAULT NULL,
  `created_at` int NOT NULL,
  `finished_at` int DEFAULT NULL
) ENGINE=InnoDB DEFAULT CHARSET=utf8mb4 COLLATE=utf8mb4_unicode_ci;

-- --------------------------------------------------------

--
-- Table structure for table `migrations`
--

CREATE TABLE `migrations` (
  `id` int UNSIGNED NOT NULL,
  `migration` varchar(255) COLLATE utf8mb4_unicode_ci NOT NULL,
  `batch` int NOT NULL
) ENGINE=InnoDB DEFAULT CHARSET=utf8mb4 COLLATE=utf8mb4_unicode_ci;

--
-- Dumping data for table `migrations`
--

INSERT INTO `migrations` (`id`, `migration`, `batch`) VALUES
(1, '0001_01_01_000000_create_users_table', 1),
(2, '0001_01_01_000001_create_cache_table', 1),
(3, '0001_01_01_000002_create_jobs_table', 1),
(4, '2026_05_11_080552_create_devices_table', 1),
(5, '2026_05_11_080612_create_monitoring_logs_table', 1),
(6, '2026_05_11_080626_create_notification_logs_table', 1),
(7, '2026_05_15_035949_add_quality_to_monitoring_logs_table', 2),
(8, '2026_05_15_074930_add_congestion_threshold_to_devices_table', 3);

-- --------------------------------------------------------

--
-- Table structure for table `monitoring_logs`
--

CREATE TABLE `monitoring_logs` (
  `id` bigint UNSIGNED NOT NULL,
  `device_id` bigint UNSIGNED NOT NULL,
  `status` enum('up','down') COLLATE utf8mb4_unicode_ci NOT NULL,
  `quality` enum('good','slow','very_slow','down') COLLATE utf8mb4_unicode_ci NOT NULL DEFAULT 'good',
  `packet_loss` int NOT NULL DEFAULT '0',
  `response_time` int DEFAULT NULL,
  `ip_address` varchar(255) COLLATE utf8mb4_unicode_ci NOT NULL,
  `checked_at` timestamp NOT NULL,
  `notes` text COLLATE utf8mb4_unicode_ci,
  `created_at` timestamp NULL DEFAULT NULL,
  `updated_at` timestamp NULL DEFAULT NULL
) ENGINE=InnoDB DEFAULT CHARSET=utf8mb4 COLLATE=utf8mb4_unicode_ci;

--
-- Dumping data for table `monitoring_logs`
--

INSERT INTO `monitoring_logs` (`id`, `device_id`, `status`, `quality`, `packet_loss`, `response_time`, `ip_address`, `checked_at`, `notes`, `created_at`, `updated_at`) VALUES
(1274, 22, 'up', 'good', 0, 74, '192.168.1.3', '2026-05-22 20:16:58', NULL, '2026-05-22 20:16:58', '2026-05-22 20:16:58'),
(1275, 23, 'up', 'good', 0, 12, '192.168.1.5', '2026-05-22 20:17:01', NULL, '2026-05-22 20:17:01', '2026-05-22 20:17:01'),
(1276, 22, 'up', 'good', 0, 7, '192.168.1.3', '2026-05-22 20:17:25', NULL, '2026-05-22 20:17:25', '2026-05-22 20:17:25'),
(1277, 23, 'up', 'good', 0, 24, '192.168.1.5', '2026-05-22 20:17:27', NULL, '2026-05-22 20:17:27', '2026-05-22 20:17:27'),
(1278, 22, 'up', 'good', 0, 14, '192.168.1.3', '2026-05-22 20:17:55', NULL, '2026-05-22 20:17:55', '2026-05-22 20:17:55'),
(1279, 23, 'up', 'good', 0, 11, '192.168.1.5', '2026-05-22 20:17:55', NULL, '2026-05-22 20:17:55', '2026-05-22 20:17:55'),
(1280, 22, 'up', 'good', 0, 322, '192.168.1.3', '2026-05-22 20:19:24', NULL, '2026-05-22 20:19:24', '2026-05-22 20:19:24'),
(1281, 23, 'up', 'good', 0, 20, '192.168.1.5', '2026-05-22 20:19:25', NULL, '2026-05-22 20:19:25', '2026-05-22 20:19:25'),
(1283, 22, 'up', 'good', 0, 138, '192.168.1.3', '2026-05-22 20:19:50', NULL, '2026-05-22 20:19:50', '2026-05-22 20:19:50'),
(1284, 23, 'up', 'good', 0, 14, '192.168.1.5', '2026-05-22 20:19:51', NULL, '2026-05-22 20:19:51', '2026-05-22 20:19:51'),
(1286, 22, 'up', 'good', 0, 136, '192.168.1.3', '2026-05-22 20:20:20', NULL, '2026-05-22 20:20:20', '2026-05-22 20:20:20'),
(1287, 23, 'up', 'good', 0, 5, '192.168.1.5', '2026-05-22 20:20:21', NULL, '2026-05-22 20:20:21', '2026-05-22 20:20:21'),
(1289, 22, 'up', 'good', 0, 146, '192.168.1.3', '2026-05-22 20:20:50', NULL, '2026-05-22 20:20:50', '2026-05-22 20:20:50'),
(1290, 23, 'up', 'good', 0, 4, '192.168.1.5', '2026-05-22 20:20:51', NULL, '2026-05-22 20:20:51', '2026-05-22 20:20:51'),
(1292, 22, 'up', 'good', 0, 215, '192.168.1.3', '2026-05-22 20:21:21', NULL, '2026-05-22 20:21:21', '2026-05-22 20:21:21'),
(1293, 23, 'up', 'good', 0, 10, '192.168.1.5', '2026-05-22 20:21:21', NULL, '2026-05-22 20:21:21', '2026-05-22 20:21:21'),
(1295, 22, 'up', 'good', 0, 125, '192.168.1.3', '2026-05-22 20:21:50', NULL, '2026-05-22 20:21:50', '2026-05-22 20:21:50'),
(1296, 23, 'up', 'good', 0, 45, '192.168.1.5', '2026-05-22 20:21:51', NULL, '2026-05-22 20:21:51', '2026-05-22 20:21:51'),
(1298, 22, 'up', 'good', 0, 220, '192.168.1.3', '2026-05-22 20:22:20', NULL, '2026-05-22 20:22:20', '2026-05-22 20:22:20'),
(1299, 23, 'up', 'good', 0, 25, '192.168.1.5', '2026-05-22 20:22:21', NULL, '2026-05-22 20:22:21', '2026-05-22 20:22:21'),
(1301, 22, 'up', 'good', 0, 114, '192.168.1.3', '2026-05-22 20:22:50', NULL, '2026-05-22 20:22:50', '2026-05-22 20:22:50'),
(1302, 23, 'up', 'good', 0, 29, '192.168.1.5', '2026-05-22 20:22:51', NULL, '2026-05-22 20:22:51', '2026-05-22 20:22:51'),
(1304, 22, 'up', 'good', 0, 253, '192.168.1.3', '2026-05-22 20:23:21', NULL, '2026-05-22 20:23:21', '2026-05-22 20:23:21'),
(1305, 23, 'up', 'good', 0, 17, '192.168.1.5', '2026-05-22 20:23:22', NULL, '2026-05-22 20:23:22', '2026-05-22 20:23:22'),
(1307, 22, 'up', 'good', 0, 24, '192.168.1.3', '2026-05-22 20:25:59', NULL, '2026-05-22 20:25:59', '2026-05-22 20:25:59'),
(1308, 23, 'up', 'good', 0, 105, '192.168.1.5', '2026-05-22 20:26:00', NULL, '2026-05-22 20:26:00', '2026-05-22 20:26:00'),
(1309, 25, 'up', 'good', 0, 19, '192.168.1.8', '2026-05-22 20:26:03', NULL, '2026-05-22 20:26:03', '2026-05-22 20:26:03'),
(1310, 26, 'down', 'good', 0, NULL, '10.90.245.67', '2026-05-22 20:26:11', NULL, '2026-05-22 20:26:11', '2026-05-22 20:26:11'),
(1311, 22, 'up', 'good', 0, 28, '192.168.1.3', '2026-05-22 20:26:26', NULL, '2026-05-22 20:26:26', '2026-05-22 20:26:26'),
(1312, 23, 'up', 'good', 0, 16, '192.168.1.5', '2026-05-22 20:26:26', NULL, '2026-05-22 20:26:26', '2026-05-22 20:26:26'),
(1313, 25, 'up', 'good', 0, 39, '192.168.1.8', '2026-05-22 20:26:30', NULL, '2026-05-22 20:26:30', '2026-05-22 20:26:30'),
(1314, 26, 'down', 'good', 0, NULL, '10.90.245.67', '2026-05-22 20:26:38', NULL, '2026-05-22 20:26:38', '2026-05-22 20:26:38'),
(1315, 22, 'up', 'good', 0, 10, '192.168.1.3', '2026-05-22 20:26:56', NULL, '2026-05-22 20:26:56', '2026-05-22 20:26:56'),
(1316, 23, 'up', 'good', 0, 34, '192.168.1.5', '2026-05-22 20:26:56', NULL, '2026-05-22 20:26:56', '2026-05-22 20:26:56'),
(1317, 25, 'up', 'good', 0, 57, '192.168.1.8', '2026-05-22 20:26:57', NULL, '2026-05-22 20:26:57', '2026-05-22 20:26:57'),
(1318, 26, 'down', 'good', 0, NULL, '10.90.245.67', '2026-05-22 20:27:07', NULL, '2026-05-22 20:27:07', '2026-05-22 20:27:07'),
(1319, 22, 'up', 'good', 0, 4, '192.168.1.3', '2026-05-22 20:27:26', NULL, '2026-05-22 20:27:26', '2026-05-22 20:27:26'),
(1320, 23, 'up', 'good', 0, 32, '192.168.1.5', '2026-05-22 20:27:26', NULL, '2026-05-22 20:27:26', '2026-05-22 20:27:26'),
(1321, 25, 'up', 'good', 0, 140, '192.168.1.8', '2026-05-22 20:27:27', NULL, '2026-05-22 20:27:27', '2026-05-22 20:27:27'),
(1322, 26, 'down', 'good', 0, NULL, '10.90.245.67', '2026-05-22 20:27:35', NULL, '2026-05-22 20:27:35', '2026-05-22 20:27:35'),
(1323, 22, 'up', 'good', 0, 24, '192.168.1.3', '2026-05-22 20:27:53', NULL, '2026-05-22 20:27:53', '2026-05-22 20:27:53'),
(1324, 23, 'up', 'good', 0, 83, '192.168.1.5', '2026-05-22 20:27:54', NULL, '2026-05-22 20:27:54', '2026-05-22 20:27:54'),
(1325, 25, 'up', 'good', 0, 19, '192.168.1.8', '2026-05-22 20:27:55', NULL, '2026-05-22 20:27:55', '2026-05-22 20:27:55'),
(1326, 26, 'down', 'good', 0, NULL, '10.90.245.67', '2026-05-22 20:28:05', NULL, '2026-05-22 20:28:05', '2026-05-22 20:28:05'),
(1327, 22, 'up', 'good', 0, 18, '192.168.1.3', '2026-05-22 20:28:07', NULL, '2026-05-22 20:28:07', '2026-05-22 20:28:07'),
(1328, 23, 'up', 'good', 0, 37, '192.168.1.5', '2026-05-22 20:28:07', NULL, '2026-05-22 20:28:07', '2026-05-22 20:28:07'),
(1329, 25, 'up', 'good', 0, 20, '192.168.1.8', '2026-05-22 20:28:08', NULL, '2026-05-22 20:28:08', '2026-05-22 20:28:08'),
(1330, 26, 'down', 'good', 0, NULL, '10.90.245.67', '2026-05-22 20:28:16', NULL, '2026-05-22 20:28:16', '2026-05-22 20:28:16'),
(1331, 22, 'up', 'good', 0, 27, '192.168.1.3', '2026-05-22 20:28:18', NULL, '2026-05-22 20:28:18', '2026-05-22 20:28:18'),
(1332, 23, 'up', 'good', 0, 32, '192.168.1.5', '2026-05-22 20:28:18', NULL, '2026-05-22 20:28:18', '2026-05-22 20:28:18'),
(1333, 25, 'up', 'good', 0, 4, '192.168.1.8', '2026-05-22 20:28:19', NULL, '2026-05-22 20:28:19', '2026-05-22 20:28:19'),
(1334, 26, 'down', 'good', 0, NULL, '10.90.245.67', '2026-05-22 20:28:27', NULL, '2026-05-22 20:28:27', '2026-05-22 20:28:27'),
(1335, 22, 'up', 'good', 0, 187, '192.168.1.3', '2026-05-22 20:28:29', NULL, '2026-05-22 20:28:29', '2026-05-22 20:28:29'),
(1336, 23, 'up', 'good', 0, 37, '192.168.1.5', '2026-05-22 20:28:29', NULL, '2026-05-22 20:28:29', '2026-05-22 20:28:29'),
(1337, 25, 'up', 'good', 0, 19, '192.168.1.8', '2026-05-22 20:28:30', NULL, '2026-05-22 20:28:30', '2026-05-22 20:28:30'),
(1338, 22, 'up', 'good', 0, 124, '192.168.1.3', '2026-05-22 20:28:34', NULL, '2026-05-22 20:28:34', '2026-05-22 20:28:34'),
(1339, 23, 'up', 'good', 0, 66, '192.168.1.5', '2026-05-22 20:28:35', NULL, '2026-05-22 20:28:35', '2026-05-22 20:28:35'),
(1340, 25, 'up', 'good', 0, 27, '192.168.1.8', '2026-05-22 20:28:36', NULL, '2026-05-22 20:28:36', '2026-05-22 20:28:36'),
(1341, 26, 'down', 'good', 0, NULL, '10.90.245.67', '2026-05-22 20:28:38', NULL, '2026-05-22 20:28:38', '2026-05-22 20:28:38'),
(1342, 22, 'up', 'good', 0, 226, '192.168.1.3', '2026-05-22 20:28:41', NULL, '2026-05-22 20:28:41', '2026-05-22 20:28:41'),
(1343, 23, 'up', 'good', 0, 21, '192.168.1.5', '2026-05-22 20:28:42', NULL, '2026-05-22 20:28:42', '2026-05-22 20:28:42'),
(1344, 25, 'up', 'good', 0, 20, '192.168.1.8', '2026-05-22 20:28:42', NULL, '2026-05-22 20:28:42', '2026-05-22 20:28:42'),
(1345, 26, 'down', 'good', 0, NULL, '10.90.245.67', '2026-05-22 20:28:44', NULL, '2026-05-22 20:28:44', '2026-05-22 20:28:44'),
(1346, 26, 'down', 'good', 0, NULL, '10.90.245.67', '2026-05-22 20:28:50', NULL, '2026-05-22 20:28:50', '2026-05-22 20:28:50'),
(1347, 22, 'up', 'good', 0, 125, '192.168.1.3', '2026-05-22 20:28:56', NULL, '2026-05-22 20:28:56', '2026-05-22 20:28:56'),
(1348, 23, 'up', 'good', 0, 13, '192.168.1.5', '2026-05-22 20:28:57', NULL, '2026-05-22 20:28:57', '2026-05-22 20:28:57'),
(1349, 25, 'up', 'good', 0, 93, '192.168.1.8', '2026-05-22 20:28:58', NULL, '2026-05-22 20:28:58', '2026-05-22 20:28:58'),
(1350, 26, 'down', 'good', 0, NULL, '10.90.245.67', '2026-05-22 20:29:06', NULL, '2026-05-22 20:29:06', '2026-05-22 20:29:06'),
(1351, 22, 'up', 'good', 0, 126, '192.168.1.3', '2026-05-22 20:29:24', NULL, '2026-05-22 20:29:24', '2026-05-22 20:29:24'),
(1352, 23, 'up', 'good', 0, 5, '192.168.1.5', '2026-05-22 20:29:24', NULL, '2026-05-22 20:29:24', '2026-05-22 20:29:24'),
(1353, 25, 'up', 'good', 0, 19, '192.168.1.8', '2026-05-22 20:29:24', NULL, '2026-05-22 20:29:24', '2026-05-22 20:29:24'),
(1354, 26, 'down', 'good', 0, NULL, '10.90.245.67', '2026-05-22 20:29:32', NULL, '2026-05-22 20:29:32', '2026-05-22 20:29:32'),
(1355, 22, 'up', 'good', 0, 157, '192.168.1.3', '2026-05-22 20:30:03', NULL, '2026-05-22 20:30:03', '2026-05-22 20:30:03'),
(1356, 23, 'up', 'good', 0, 16, '192.168.1.5', '2026-05-22 20:30:04', NULL, '2026-05-22 20:30:04', '2026-05-22 20:30:04'),
(1357, 25, 'up', 'good', 0, 17, '192.168.1.8', '2026-05-22 20:30:05', NULL, '2026-05-22 20:30:05', '2026-05-22 20:30:05'),
(1358, 26, 'up', 'good', 0, 28, '192.168.1.11', '2026-05-22 20:30:05', NULL, '2026-05-22 20:30:05', '2026-05-22 20:30:05'),
(1359, 22, 'up', 'good', 0, 156, '192.168.1.3', '2026-05-22 20:30:30', NULL, '2026-05-22 20:30:30', '2026-05-22 20:30:30'),
(1360, 23, 'up', 'good', 0, 13, '192.168.1.5', '2026-05-22 20:30:31', NULL, '2026-05-22 20:30:31', '2026-05-22 20:30:31'),
(1361, 25, 'up', 'good', 0, 41, '192.168.1.8', '2026-05-22 20:30:32', NULL, '2026-05-22 20:30:32', '2026-05-22 20:30:32'),
(1362, 26, 'up', 'good', 0, 30, '192.168.1.11', '2026-05-22 20:30:33', NULL, '2026-05-22 20:30:33', '2026-05-22 20:30:33'),
(1363, 22, 'up', 'good', 0, 99, '192.168.1.3', '2026-05-22 20:31:00', NULL, '2026-05-22 20:31:00', '2026-05-22 20:31:00'),
(1364, 23, 'up', 'good', 0, 6, '192.168.1.5', '2026-05-22 20:31:01', NULL, '2026-05-22 20:31:01', '2026-05-22 20:31:01'),
(1365, 25, 'down', 'good', 0, NULL, '192.168.1.8', '2026-05-22 20:31:08', NULL, '2026-05-22 20:31:08', '2026-05-22 20:31:08'),
(1366, 26, 'up', 'good', 0, 55, '192.168.1.11', '2026-05-22 20:31:11', NULL, '2026-05-22 20:31:11', '2026-05-22 20:31:11'),
(1367, 22, 'up', 'good', 0, 76, '192.168.1.3', '2026-05-22 20:31:30', NULL, '2026-05-22 20:31:30', '2026-05-22 20:31:30'),
(1368, 23, 'up', 'good', 0, 46, '192.168.1.5', '2026-05-22 20:31:31', NULL, '2026-05-22 20:31:31', '2026-05-22 20:31:31'),
(1369, 25, 'up', 'good', 0, 1008, '192.168.1.8', '2026-05-22 20:31:37', NULL, '2026-05-22 20:31:37', '2026-05-22 20:31:37'),
(1370, 26, 'up', 'good', 0, 26, '192.168.1.11', '2026-05-22 20:31:39', NULL, '2026-05-22 20:31:39', '2026-05-22 20:31:39'),
(1371, 22, 'up', 'good', 0, 169, '192.168.1.3', '2026-05-22 20:32:00', NULL, '2026-05-22 20:32:00', '2026-05-22 20:32:00'),
(1372, 23, 'up', 'good', 0, 92, '192.168.1.5', '2026-05-22 20:32:02', NULL, '2026-05-22 20:32:02', '2026-05-22 20:32:02'),
(1373, 25, 'up', 'good', 0, 991, '192.168.1.8', '2026-05-22 20:32:08', NULL, '2026-05-22 20:32:08', '2026-05-22 20:32:08'),
(1374, 26, 'up', 'good', 0, 35, '192.168.1.11', '2026-05-22 20:32:09', NULL, '2026-05-22 20:32:09', '2026-05-22 20:32:09'),
(1375, 22, 'up', 'good', 0, 64, '192.168.1.3', '2026-05-22 20:32:30', NULL, '2026-05-22 20:32:30', '2026-05-22 20:32:30'),
(1376, 23, 'up', 'good', 0, 5, '192.168.1.5', '2026-05-22 20:32:31', NULL, '2026-05-22 20:32:31', '2026-05-22 20:32:31'),
(1377, 25, 'up', 'good', 0, 1002, '192.168.1.8', '2026-05-22 20:32:36', NULL, '2026-05-22 20:32:36', '2026-05-22 20:32:36'),
(1378, 26, 'up', 'good', 0, 28, '192.168.1.11', '2026-05-22 20:32:37', NULL, '2026-05-22 20:32:37', '2026-05-22 20:32:37'),
(1379, 22, 'up', 'good', 0, 15, '192.168.1.3', '2026-05-22 20:33:00', NULL, '2026-05-22 20:33:00', '2026-05-22 20:33:00'),
(1380, 23, 'up', 'good', 0, 33, '192.168.1.5', '2026-05-22 20:33:00', NULL, '2026-05-22 20:33:00', '2026-05-22 20:33:00'),
(1381, 25, 'up', 'good', 0, 997, '192.168.1.8', '2026-05-22 20:33:06', NULL, '2026-05-22 20:33:06', '2026-05-22 20:33:06'),
(1382, 26, 'up', 'good', 0, 6, '192.168.1.11', '2026-05-22 20:33:09', NULL, '2026-05-22 20:33:09', '2026-05-22 20:33:09'),
(1383, 22, 'up', 'good', 0, 14, '192.168.1.3', '2026-05-22 20:33:30', NULL, '2026-05-22 20:33:30', '2026-05-22 20:33:30'),
(1384, 23, 'up', 'good', 0, 20, '192.168.1.5', '2026-05-22 20:33:30', NULL, '2026-05-22 20:33:30', '2026-05-22 20:33:30'),
(1385, 25, 'up', 'good', 0, 1004, '192.168.1.8', '2026-05-22 20:33:36', NULL, '2026-05-22 20:33:36', '2026-05-22 20:33:36'),
(1386, 26, 'up', 'good', 0, 15, '192.168.1.11', '2026-05-22 20:33:36', NULL, '2026-05-22 20:33:37', '2026-05-22 20:33:37'),
(1387, 22, 'up', 'good', 0, 10, '192.168.1.3', '2026-05-22 20:34:00', NULL, '2026-05-22 20:34:00', '2026-05-22 20:34:00'),
(1388, 23, 'up', 'good', 0, 46, '192.168.1.5', '2026-05-22 20:34:00', NULL, '2026-05-22 20:34:00', '2026-05-22 20:34:00'),
(1389, 25, 'up', 'good', 0, 1018, '192.168.1.8', '2026-05-22 20:34:06', NULL, '2026-05-22 20:34:06', '2026-05-22 20:34:06'),
(1390, 26, 'up', 'good', 0, 4, '192.168.1.11', '2026-05-22 20:34:07', NULL, '2026-05-22 20:34:07', '2026-05-22 20:34:07'),
(1391, 22, 'up', 'good', 0, 164, '192.168.1.3', '2026-05-22 20:34:30', NULL, '2026-05-22 20:34:30', '2026-05-22 20:34:30'),
(1392, 23, 'up', 'good', 0, 88, '192.168.1.5', '2026-05-22 20:34:32', NULL, '2026-05-22 20:34:32', '2026-05-22 20:34:32'),
(1393, 25, 'up', 'good', 0, 1001, '192.168.1.8', '2026-05-22 20:34:37', NULL, '2026-05-22 20:34:37', '2026-05-22 20:34:37'),
(1394, 26, 'up', 'good', 0, 20, '192.168.1.11', '2026-05-22 20:34:38', NULL, '2026-05-22 20:34:38', '2026-05-22 20:34:38'),
(1395, 22, 'up', 'good', 0, 158, '192.168.1.3', '2026-05-22 20:35:00', NULL, '2026-05-22 20:35:00', '2026-05-22 20:35:00'),
(1396, 23, 'up', 'good', 0, 98, '192.168.1.5', '2026-05-22 20:35:02', NULL, '2026-05-22 20:35:02', '2026-05-22 20:35:02'),
(1397, 25, 'up', 'good', 0, 1007, '192.168.1.8', '2026-05-22 20:35:08', NULL, '2026-05-22 20:35:08', '2026-05-22 20:35:08'),
(1398, 26, 'up', 'good', 0, 13, '192.168.1.11', '2026-05-22 20:35:08', NULL, '2026-05-22 20:35:08', '2026-05-22 20:35:08'),
(1399, 22, 'up', 'good', 0, 133, '192.168.1.3', '2026-05-22 20:35:30', NULL, '2026-05-22 20:35:30', '2026-05-22 20:35:30'),
(1400, 23, 'up', 'good', 0, 23, '192.168.1.5', '2026-05-22 20:35:31', NULL, '2026-05-22 20:35:31', '2026-05-22 20:35:31'),
(1401, 25, 'up', 'good', 0, 998, '192.168.1.8', '2026-05-22 20:35:37', NULL, '2026-05-22 20:35:37', '2026-05-22 20:35:37'),
(1402, 26, 'up', 'good', 0, 5, '192.168.1.11', '2026-05-22 20:35:37', NULL, '2026-05-22 20:35:37', '2026-05-22 20:35:37'),
(1403, 22, 'up', 'good', 0, 261, '192.168.1.3', '2026-05-22 20:36:01', NULL, '2026-05-22 20:36:01', '2026-05-22 20:36:01'),
(1404, 23, 'up', 'good', 0, 35, '192.168.1.5', '2026-05-22 20:36:01', NULL, '2026-05-22 20:36:01', '2026-05-22 20:36:01'),
(1405, 25, 'up', 'good', 0, 996, '192.168.1.8', '2026-05-22 20:36:07', NULL, '2026-05-22 20:36:07', '2026-05-22 20:36:07'),
(1406, 26, 'up', 'good', 0, 24, '192.168.1.11', '2026-05-22 20:36:08', NULL, '2026-05-22 20:36:08', '2026-05-22 20:36:08'),
(1407, 22, 'up', 'good', 0, 15, '192.168.1.3', '2026-05-22 20:36:29', NULL, '2026-05-22 20:36:29', '2026-05-22 20:36:29'),
(1408, 23, 'up', 'good', 0, 14, '192.168.1.5', '2026-05-22 20:36:30', NULL, '2026-05-22 20:36:30', '2026-05-22 20:36:30'),
(1409, 25, 'up', 'good', 0, 1005, '192.168.1.8', '2026-05-22 20:36:36', NULL, '2026-05-22 20:36:36', '2026-05-22 20:36:36'),
(1410, 26, 'up', 'good', 0, 34, '192.168.1.11', '2026-05-22 20:36:37', NULL, '2026-05-22 20:36:37', '2026-05-22 20:36:37'),
(1411, 22, 'up', 'good', 0, 167, '192.168.1.3', '2026-05-22 20:37:00', NULL, '2026-05-22 20:37:00', '2026-05-22 20:37:00'),
(1412, 23, 'up', 'good', 0, 29, '192.168.1.5', '2026-05-22 20:37:01', NULL, '2026-05-22 20:37:01', '2026-05-22 20:37:01'),
(1413, 25, 'up', 'good', 0, 1011, '192.168.1.8', '2026-05-22 20:37:07', NULL, '2026-05-22 20:37:07', '2026-05-22 20:37:07'),
(1414, 26, 'up', 'good', 0, 25, '192.168.1.11', '2026-05-22 20:37:08', NULL, '2026-05-22 20:37:08', '2026-05-22 20:37:08'),
(1415, 22, 'up', 'good', 0, 162, '192.168.1.3', '2026-05-22 20:37:30', NULL, '2026-05-22 20:37:30', '2026-05-22 20:37:30'),
(1416, 23, 'up', 'good', 0, 32, '192.168.1.5', '2026-05-22 20:37:31', NULL, '2026-05-22 20:37:31', '2026-05-22 20:37:31'),
(1417, 25, 'up', 'good', 0, 1005, '192.168.1.8', '2026-05-22 20:37:37', NULL, '2026-05-22 20:37:37', '2026-05-22 20:37:37'),
(1418, 26, 'up', 'good', 0, 4, '192.168.1.11', '2026-05-22 20:37:37', NULL, '2026-05-22 20:37:37', '2026-05-22 20:37:37'),
(1419, 22, 'up', 'good', 0, 169, '192.168.1.3', '2026-05-22 20:38:00', NULL, '2026-05-22 20:38:00', '2026-05-22 20:38:00'),
(1420, 23, 'up', 'good', 0, 30, '192.168.1.5', '2026-05-22 20:38:01', NULL, '2026-05-22 20:38:01', '2026-05-22 20:38:01'),
(1421, 25, 'up', 'good', 0, 998, '192.168.1.8', '2026-05-22 20:38:07', NULL, '2026-05-22 20:38:07', '2026-05-22 20:38:07'),
(1422, 26, 'up', 'good', 0, 22, '192.168.1.11', '2026-05-22 20:38:07', NULL, '2026-05-22 20:38:07', '2026-05-22 20:38:07'),
(1423, 22, 'up', 'good', 0, 9, '192.168.1.3', '2026-05-22 20:39:07', NULL, '2026-05-22 20:39:07', '2026-05-22 20:39:07'),
(1424, 23, 'up', 'good', 0, 15, '192.168.1.5', '2026-05-22 20:39:08', NULL, '2026-05-22 20:39:08', '2026-05-22 20:39:08'),
(1425, 25, 'up', 'good', 0, 1234, '192.168.1.8', '2026-05-22 20:39:14', NULL, '2026-05-22 20:39:14', '2026-05-22 20:39:14'),
(1426, 26, 'up', 'good', 0, 29, '192.168.1.11', '2026-05-22 20:39:15', NULL, '2026-05-22 20:39:15', '2026-05-22 20:39:15'),
(1427, 22, 'up', 'good', 0, 7, '192.168.1.3', '2026-05-22 20:40:07', NULL, '2026-05-22 20:40:07', '2026-05-22 20:40:07'),
(1428, 23, 'up', 'good', 0, 4, '192.168.1.5', '2026-05-22 20:40:07', NULL, '2026-05-22 20:40:07', '2026-05-22 20:40:07'),
(1429, 25, 'up', 'good', 0, 36, '192.168.1.8', '2026-05-22 20:40:08', NULL, '2026-05-22 20:40:08', '2026-05-22 20:40:08'),
(1430, 26, 'up', 'good', 0, 9, '192.168.1.11', '2026-05-22 20:40:09', NULL, '2026-05-22 20:40:09', '2026-05-22 20:40:09'),
(1431, 22, 'up', 'good', 0, 34, '192.168.1.3', '2026-05-22 20:41:07', NULL, '2026-05-22 20:41:07', '2026-05-22 20:41:07'),
(1432, 23, 'up', 'good', 0, 42, '192.168.1.5', '2026-05-22 20:41:08', NULL, '2026-05-22 20:41:08', '2026-05-22 20:41:08'),
(1433, 25, 'up', 'good', 0, 67, '192.168.1.8', '2026-05-22 20:41:08', NULL, '2026-05-22 20:41:08', '2026-05-22 20:41:08'),
(1434, 26, 'up', 'good', 0, 13, '192.168.1.11', '2026-05-22 20:41:09', NULL, '2026-05-22 20:41:09', '2026-05-22 20:41:09'),
(1435, 22, 'up', 'good', 0, 8, '192.168.1.3', '2026-05-22 20:42:07', NULL, '2026-05-22 20:42:07', '2026-05-22 20:42:07'),
(1436, 23, 'up', 'good', 0, 5, '192.168.1.5', '2026-05-22 20:42:07', NULL, '2026-05-22 20:42:07', '2026-05-22 20:42:07'),
(1437, 25, 'up', 'good', 0, 33, '192.168.1.8', '2026-05-22 20:42:08', NULL, '2026-05-22 20:42:08', '2026-05-22 20:42:08'),
(1438, 26, 'up', 'good', 0, 17, '192.168.1.11', '2026-05-22 20:42:08', NULL, '2026-05-22 20:42:08', '2026-05-22 20:42:08'),
(1439, 22, 'up', 'good', 0, 7, '192.168.1.3', '2026-05-22 20:43:07', NULL, '2026-05-22 20:43:07', '2026-05-22 20:43:07'),
(1440, 23, 'up', 'good', 0, 5, '192.168.1.5', '2026-05-22 20:43:07', NULL, '2026-05-22 20:43:07', '2026-05-22 20:43:07'),
(1441, 25, 'up', 'good', 0, 27, '192.168.1.8', '2026-05-22 20:43:08', NULL, '2026-05-22 20:43:08', '2026-05-22 20:43:08'),
(1442, 26, 'up', 'good', 0, 6, '192.168.1.11', '2026-05-22 20:43:08', NULL, '2026-05-22 20:43:08', '2026-05-22 20:43:08'),
(1443, 22, 'up', 'good', 0, 7, '192.168.1.3', '2026-05-22 20:44:07', NULL, '2026-05-22 20:44:07', '2026-05-22 20:44:07'),
(1444, 23, 'up', 'good', 0, 13, '192.168.1.5', '2026-05-22 20:44:07', NULL, '2026-05-22 20:44:07', '2026-05-22 20:44:07'),
(1445, 25, 'up', 'good', 0, 17, '192.168.1.8', '2026-05-22 20:44:08', NULL, '2026-05-22 20:44:08', '2026-05-22 20:44:08'),
(1446, 26, 'up', 'good', 0, 11, '192.168.1.11', '2026-05-22 20:44:08', NULL, '2026-05-22 20:44:08', '2026-05-22 20:44:08'),
(1447, 22, 'up', 'good', 0, 26, '192.168.1.3', '2026-05-22 20:45:07', NULL, '2026-05-22 20:45:07', '2026-05-22 20:45:07'),
(1448, 23, 'up', 'good', 0, 11, '192.168.1.5', '2026-05-22 20:45:07', NULL, '2026-05-22 20:45:07', '2026-05-22 20:45:07'),
(1449, 25, 'up', 'good', 0, 6, '192.168.1.8', '2026-05-22 20:45:08', NULL, '2026-05-22 20:45:08', '2026-05-22 20:45:08'),
(1450, 26, 'up', 'good', 0, 14, '192.168.1.11', '2026-05-22 20:45:08', NULL, '2026-05-22 20:45:08', '2026-05-22 20:45:08'),
(1451, 22, 'up', 'good', 0, 71, '192.168.1.3', '2026-05-22 20:46:09', NULL, '2026-05-22 20:46:09', '2026-05-22 20:46:09'),
(1452, 23, 'up', 'good', 0, 6, '192.168.1.5', '2026-05-22 20:46:09', NULL, '2026-05-22 20:46:09', '2026-05-22 20:46:09'),
(1453, 25, 'up', 'good', 0, 274, '192.168.1.8', '2026-05-22 20:46:12', NULL, '2026-05-22 20:46:12', '2026-05-22 20:46:12'),
(1454, 26, 'up', 'good', 0, 1132, '192.168.1.11', '2026-05-22 20:46:18', NULL, '2026-05-22 20:46:18', '2026-05-22 20:46:18'),
(1455, 22, 'down', 'good', 0, NULL, '192.168.1.3', '2026-05-22 20:47:07', NULL, '2026-05-22 20:47:07', '2026-05-22 20:47:07'),
(1456, 23, 'down', 'good', 0, NULL, '192.168.1.5', '2026-05-22 20:47:09', NULL, '2026-05-22 20:47:09', '2026-05-22 20:47:09'),
(1457, 25, 'down', 'good', 0, NULL, '192.168.1.8', '2026-05-22 20:47:09', NULL, '2026-05-22 20:47:09', '2026-05-22 20:47:09'),
(1458, 26, 'down', 'good', 0, NULL, '192.168.1.11', '2026-05-22 20:47:09', NULL, '2026-05-22 20:47:09', '2026-05-22 20:47:09'),
(1459, 22, 'up', 'good', 0, 997, '192.168.1.3', '2026-05-22 20:48:12', NULL, '2026-05-22 20:48:12', '2026-05-22 20:48:12'),
(1460, 23, 'up', 'good', 0, 999, '192.168.1.5', '2026-05-22 20:48:18', NULL, '2026-05-22 20:48:18', '2026-05-22 20:48:18'),
(1461, 25, 'up', 'good', 0, 1013, '192.168.1.8', '2026-05-22 20:48:24', NULL, '2026-05-22 20:48:24', '2026-05-22 20:48:24'),
(1462, 26, 'down', 'good', 0, NULL, '192.168.1.11', '2026-05-22 20:48:25', NULL, '2026-05-22 20:48:25', '2026-05-22 20:48:25'),
(1463, 22, 'up', 'good', 0, 17, '192.168.1.3', '2026-05-22 20:49:07', NULL, '2026-05-22 20:49:07', '2026-05-22 20:49:07'),
(1464, 23, 'up', 'good', 0, 21, '192.168.1.5', '2026-05-22 20:49:07', NULL, '2026-05-22 20:49:07', '2026-05-22 20:49:07'),
(1465, 25, 'up', 'good', 0, 18, '192.168.1.8', '2026-05-22 20:49:08', NULL, '2026-05-22 20:49:08', '2026-05-22 20:49:08'),
(1466, 26, 'up', 'good', 0, 19, '192.168.1.11', '2026-05-22 20:49:08', NULL, '2026-05-22 20:49:08', '2026-05-22 20:49:08'),
(1467, 22, 'up', 'good', 0, 335, '192.168.1.3', '2026-05-22 20:50:08', NULL, '2026-05-22 20:50:08', '2026-05-22 20:50:08'),
(1468, 23, 'up', 'good', 0, 174, '192.168.1.5', '2026-05-22 20:50:12', NULL, '2026-05-22 20:50:12', '2026-05-22 20:50:12'),
(1469, 25, 'up', 'good', 0, 34, '192.168.1.8', '2026-05-22 20:50:12', NULL, '2026-05-22 20:50:12', '2026-05-22 20:50:12'),
(1470, 26, 'up', 'good', 0, 63, '192.168.1.11', '2026-05-22 20:50:13', NULL, '2026-05-22 20:50:13', '2026-05-22 20:50:13'),
(1471, 22, 'up', 'good', 0, 10, '192.168.1.3', '2026-05-22 20:51:07', NULL, '2026-05-22 20:51:07', '2026-05-22 20:51:07'),
(1472, 23, 'up', 'good', 0, 31, '192.168.1.5', '2026-05-22 20:51:07', NULL, '2026-05-22 20:51:07', '2026-05-22 20:51:07'),
(1473, 25, 'up', 'good', 0, 15, '192.168.1.8', '2026-05-22 20:51:08', NULL, '2026-05-22 20:51:08', '2026-05-22 20:51:08'),
(1474, 26, 'up', 'good', 0, 15, '192.168.1.11', '2026-05-22 20:51:08', NULL, '2026-05-22 20:51:08', '2026-05-22 20:51:08'),
(1475, 22, 'up', 'good', 0, 26, '192.168.1.3', '2026-05-22 20:51:35', NULL, '2026-05-22 20:51:35', '2026-05-22 20:51:35'),
(1476, 23, 'up', 'good', 0, 12, '192.168.1.5', '2026-05-22 20:51:36', NULL, '2026-05-22 20:51:36', '2026-05-22 20:51:36'),
(1477, 25, 'up', 'good', 0, 14, '192.168.1.8', '2026-05-22 20:51:36', NULL, '2026-05-22 20:51:36', '2026-05-22 20:51:36'),
(1478, 26, 'up', 'good', 0, 66, '192.168.1.11', '2026-05-22 20:51:37', NULL, '2026-05-22 20:51:37', '2026-05-22 20:51:37'),
(1479, 22, 'up', 'good', 0, 17, '192.168.1.3', '2026-05-22 20:52:00', NULL, '2026-05-22 20:52:00', '2026-05-22 20:52:00'),
(1480, 23, 'up', 'good', 0, 7, '192.168.1.5', '2026-05-22 20:52:00', NULL, '2026-05-22 20:52:00', '2026-05-22 20:52:00'),
(1481, 25, 'up', 'good', 0, 23, '192.168.1.8', '2026-05-22 20:52:01', NULL, '2026-05-22 20:52:01', '2026-05-22 20:52:01'),
(1482, 26, 'up', 'good', 0, 9, '192.168.1.11', '2026-05-22 20:52:01', NULL, '2026-05-22 20:52:01', '2026-05-22 20:52:01'),
(1483, 22, 'up', 'good', 0, 141, '192.168.1.3', '2026-05-22 20:52:30', NULL, '2026-05-22 20:52:30', '2026-05-22 20:52:30'),
(1484, 23, 'up', 'good', 0, 14, '192.168.1.5', '2026-05-22 20:52:31', NULL, '2026-05-22 20:52:31', '2026-05-22 20:52:31'),
(1485, 25, 'up', 'good', 0, 23, '192.168.1.8', '2026-05-22 20:52:31', NULL, '2026-05-22 20:52:31', '2026-05-22 20:52:31'),
(1486, 26, 'up', 'good', 0, 19, '192.168.1.11', '2026-05-22 20:52:32', NULL, '2026-05-22 20:52:32', '2026-05-22 20:52:32'),
(1487, 22, 'up', 'good', 0, 508, '192.168.1.3', '2026-05-22 20:53:09', NULL, '2026-05-22 20:53:09', '2026-05-22 20:53:09'),
(1488, 23, 'up', 'good', 0, 25, '192.168.1.5', '2026-05-22 20:53:09', NULL, '2026-05-22 20:53:09', '2026-05-22 20:53:09'),
(1489, 25, 'up', 'good', 0, 10, '192.168.1.8', '2026-05-22 20:53:10', NULL, '2026-05-22 20:53:10', '2026-05-22 20:53:10'),
(1490, 26, 'up', 'good', 0, 34, '192.168.1.11', '2026-05-22 20:53:10', NULL, '2026-05-22 20:53:10', '2026-05-22 20:53:10'),
(1491, 22, 'up', 'good', 0, 17, '192.168.1.3', '2026-05-22 20:53:44', NULL, '2026-05-22 20:53:44', '2026-05-22 20:53:44'),
(1492, 23, 'up', 'good', 0, 10, '192.168.1.5', '2026-05-22 20:53:44', NULL, '2026-05-22 20:53:44', '2026-05-22 20:53:44'),
(1493, 25, 'up', 'good', 0, 26, '192.168.1.8', '2026-05-22 20:53:45', NULL, '2026-05-22 20:53:45', '2026-05-22 20:53:45'),
(1494, 26, 'up', 'good', 0, 34, '192.168.1.11', '2026-05-22 20:53:45', NULL, '2026-05-22 20:53:45', '2026-05-22 20:53:45'),
(1495, 22, 'up', 'good', 0, 240, '192.168.1.3', '2026-05-22 20:54:01', NULL, '2026-05-22 20:54:01', '2026-05-22 20:54:01'),
(1496, 23, 'up', 'good', 0, 61, '192.168.1.5', '2026-05-22 20:54:02', NULL, '2026-05-22 20:54:02', '2026-05-22 20:54:02'),
(1497, 25, 'up', 'good', 0, 26, '192.168.1.8', '2026-05-22 20:54:02', NULL, '2026-05-22 20:54:02', '2026-05-22 20:54:02'),
(1498, 26, 'up', 'good', 0, 5, '192.168.1.11', '2026-05-22 20:54:02', NULL, '2026-05-22 20:54:02', '2026-05-22 20:54:02'),
(1499, 22, 'up', 'good', 0, 818, '192.168.1.3', '2026-05-22 20:54:33', NULL, '2026-05-22 20:54:33', '2026-05-22 20:54:33'),
(1500, 23, 'up', 'good', 0, 30, '192.168.1.5', '2026-05-22 20:54:34', NULL, '2026-05-22 20:54:34', '2026-05-22 20:54:34'),
(1501, 25, 'up', 'good', 0, 5, '192.168.1.8', '2026-05-22 20:54:34', NULL, '2026-05-22 20:54:34', '2026-05-22 20:54:34'),
(1502, 26, 'up', 'good', 0, 11, '192.168.1.11', '2026-05-22 20:54:35', NULL, '2026-05-22 20:54:35', '2026-05-22 20:54:35'),
(1503, 22, 'up', 'good', 0, 141, '192.168.1.3', '2026-05-22 20:55:07', NULL, '2026-05-22 20:55:07', '2026-05-22 20:55:07'),
(1504, 23, 'up', 'good', 0, 10, '192.168.1.5', '2026-05-22 20:55:08', NULL, '2026-05-22 20:55:08', '2026-05-22 20:55:08'),
(1505, 25, 'up', 'good', 0, 37, '192.168.1.8', '2026-05-22 20:55:08', NULL, '2026-05-22 20:55:08', '2026-05-22 20:55:08'),
(1506, 26, 'up', 'good', 0, 33, '192.168.1.11', '2026-05-22 20:55:09', NULL, '2026-05-22 20:55:09', '2026-05-22 20:55:09'),
(1507, 22, 'up', 'good', 0, 848, '192.168.1.3', '2026-05-22 20:56:12', NULL, '2026-05-22 20:56:12', '2026-05-22 20:56:12'),
(1508, 23, 'up', 'good', 0, 5, '192.168.1.5', '2026-05-22 20:56:13', NULL, '2026-05-22 20:56:13', '2026-05-22 20:56:13'),
(1509, 25, 'up', 'good', 0, 4, '192.168.1.8', '2026-05-22 20:56:13', NULL, '2026-05-22 20:56:13', '2026-05-22 20:56:13'),
(1510, 26, 'up', 'good', 0, 11, '192.168.1.11', '2026-05-22 20:56:13', NULL, '2026-05-22 20:56:13', '2026-05-22 20:56:13'),
(1511, 22, 'down', 'good', 0, NULL, '192.168.1.3', '2026-05-22 20:57:14', NULL, '2026-05-22 20:57:14', '2026-05-22 20:57:14'),
(1512, 23, 'up', 'good', 0, 14, '192.168.1.5', '2026-05-22 20:57:17', NULL, '2026-05-22 20:57:17', '2026-05-22 20:57:17'),
(1513, 25, 'up', 'good', 0, 29, '192.168.1.8', '2026-05-22 20:57:18', NULL, '2026-05-22 20:57:18', '2026-05-22 20:57:18'),
(1514, 26, 'up', 'good', 0, 9, '192.168.1.11', '2026-05-22 20:57:18', NULL, '2026-05-22 20:57:18', '2026-05-22 20:57:18'),
(1515, 22, 'down', 'good', 0, NULL, '192.168.1.3', '2026-05-22 20:58:14', NULL, '2026-05-22 20:58:14', '2026-05-22 20:58:14'),
(1516, 23, 'up', 'good', 0, 19, '192.168.1.5', '2026-05-22 20:58:15', NULL, '2026-05-22 20:58:15', '2026-05-22 20:58:15'),
(1517, 25, 'up', 'good', 0, 60, '192.168.1.8', '2026-05-22 20:58:16', NULL, '2026-05-22 20:58:16', '2026-05-22 20:58:16'),
(1518, 26, 'up', 'good', 0, 34, '192.168.1.11', '2026-05-22 20:58:19', NULL, '2026-05-22 20:58:19', '2026-05-22 20:58:19'),
(1519, 22, 'down', 'good', 0, NULL, '192.168.1.3', '2026-05-22 20:59:14', NULL, '2026-05-22 20:59:14', '2026-05-22 20:59:14'),
(1520, 23, 'up', 'good', 0, 5, '192.168.1.5', '2026-05-22 20:59:15', NULL, '2026-05-22 20:59:15', '2026-05-22 20:59:15'),
(1521, 25, 'up', 'good', 0, 29, '192.168.1.8', '2026-05-22 20:59:15', NULL, '2026-05-22 20:59:15', '2026-05-22 20:59:15'),
(1522, 26, 'up', 'good', 0, 33, '192.168.1.11', '2026-05-22 20:59:16', NULL, '2026-05-22 20:59:16', '2026-05-22 20:59:16'),
(1523, 22, 'down', 'good', 0, NULL, '192.168.1.3', '2026-05-22 21:00:14', NULL, '2026-05-22 21:00:14', '2026-05-22 21:00:14'),
(1524, 23, 'up', 'good', 0, 80, '192.168.1.5', '2026-05-22 21:00:15', NULL, '2026-05-22 21:00:15', '2026-05-22 21:00:15'),
(1525, 25, 'up', 'good', 0, 11, '192.168.1.8', '2026-05-22 21:00:18', NULL, '2026-05-22 21:00:18', '2026-05-22 21:00:18'),
(1526, 26, 'up', 'good', 0, 20, '192.168.1.11', '2026-05-22 21:00:18', NULL, '2026-05-22 21:00:18', '2026-05-22 21:00:18'),
(1527, 22, 'down', 'good', 0, NULL, '192.168.1.3', '2026-05-22 21:01:14', NULL, '2026-05-22 21:01:14', '2026-05-22 21:01:14'),
(1528, 23, 'up', 'good', 0, 22, '192.168.1.5', '2026-05-22 21:01:15', NULL, '2026-05-22 21:01:15', '2026-05-22 21:01:15'),
(1529, 25, 'up', 'good', 0, 24, '192.168.1.8', '2026-05-22 21:01:15', NULL, '2026-05-22 21:01:15', '2026-05-22 21:01:15'),
(1530, 26, 'up', 'good', 0, 3, '192.168.1.11', '2026-05-22 21:01:16', NULL, '2026-05-22 21:01:16', '2026-05-22 21:01:16'),
(1531, 22, 'down', 'good', 0, NULL, '192.168.1.3', '2026-05-22 21:02:14', NULL, '2026-05-22 21:02:14', '2026-05-22 21:02:14'),
(1532, 23, 'up', 'good', 0, 6, '192.168.1.5', '2026-05-22 21:02:15', NULL, '2026-05-22 21:02:15', '2026-05-22 21:02:15'),
(1533, 25, 'up', 'good', 0, 37, '192.168.1.8', '2026-05-22 21:02:15', NULL, '2026-05-22 21:02:15', '2026-05-22 21:02:15'),
(1534, 26, 'up', 'good', 0, 143, '192.168.1.11', '2026-05-22 21:02:17', NULL, '2026-05-22 21:02:17', '2026-05-22 21:02:17'),
(1535, 22, 'down', 'good', 0, NULL, '192.168.1.3', '2026-05-22 21:03:14', NULL, '2026-05-22 21:03:14', '2026-05-22 21:03:14'),
(1536, 23, 'up', 'good', 0, 32, '192.168.1.5', '2026-05-22 21:03:15', NULL, '2026-05-22 21:03:15', '2026-05-22 21:03:15'),
(1537, 25, 'up', 'good', 0, 26, '192.168.1.8', '2026-05-22 21:03:15', NULL, '2026-05-22 21:03:16', '2026-05-22 21:03:16'),
(1538, 26, 'up', 'good', 0, 15, '192.168.1.11', '2026-05-22 21:03:16', NULL, '2026-05-22 21:03:16', '2026-05-22 21:03:16'),
(1539, 22, 'down', 'good', 0, NULL, '192.168.1.3', '2026-05-22 21:04:16', NULL, '2026-05-22 21:04:16', '2026-05-22 21:04:16'),
(1540, 23, 'up', 'good', 0, 30, '192.168.1.5', '2026-05-22 21:04:16', NULL, '2026-05-22 21:04:16', '2026-05-22 21:04:16'),
(1541, 25, 'up', 'good', 0, 58, '192.168.1.8', '2026-05-22 21:04:17', NULL, '2026-05-22 21:04:17', '2026-05-22 21:04:17'),
(1542, 26, 'up', 'good', 0, 4, '192.168.1.11', '2026-05-22 21:04:18', NULL, '2026-05-22 21:04:18', '2026-05-22 21:04:18'),
(1543, 22, 'down', 'good', 0, NULL, '192.168.1.3', '2026-05-22 21:05:15', NULL, '2026-05-22 21:05:15', '2026-05-22 21:05:15'),
(1544, 23, 'up', 'good', 0, 4, '192.168.1.5', '2026-05-22 21:05:15', NULL, '2026-05-22 21:05:15', '2026-05-22 21:05:15'),
(1545, 25, 'up', 'good', 0, 12, '192.168.1.8', '2026-05-22 21:05:16', NULL, '2026-05-22 21:05:16', '2026-05-22 21:05:16'),
(1546, 26, 'up', 'good', 0, 20, '192.168.1.11', '2026-05-22 21:05:16', NULL, '2026-05-22 21:05:16', '2026-05-22 21:05:16'),
(1547, 22, 'up', 'good', 0, 1004, '192.168.1.3', '2026-05-22 21:06:12', NULL, '2026-05-22 21:06:12', '2026-05-22 21:06:12'),
(1548, 23, 'up', 'good', 0, 15, '192.168.1.5', '2026-05-22 21:06:15', NULL, '2026-05-22 21:06:15', '2026-05-22 21:06:15'),
(1549, 25, 'up', 'good', 0, 37, '192.168.1.8', '2026-05-22 21:06:16', NULL, '2026-05-22 21:06:16', '2026-05-22 21:06:16'),
(1550, 26, 'up', 'good', 0, 22, '192.168.1.11', '2026-05-22 21:06:17', NULL, '2026-05-22 21:06:17', '2026-05-22 21:06:17'),
(1551, 22, 'up', 'good', 0, 998, '192.168.1.3', '2026-05-22 21:07:12', NULL, '2026-05-22 21:07:12', '2026-05-22 21:07:12'),
(1552, 23, 'up', 'good', 0, 29, '192.168.1.5', '2026-05-22 21:07:13', NULL, '2026-05-22 21:07:13', '2026-05-22 21:07:13'),
(1553, 25, 'up', 'good', 0, 12, '192.168.1.8', '2026-05-22 21:07:13', NULL, '2026-05-22 21:07:13', '2026-05-22 21:07:13'),
(1554, 26, 'up', 'good', 0, 13, '192.168.1.11', '2026-05-22 21:07:14', NULL, '2026-05-22 21:07:14', '2026-05-22 21:07:14'),
(1555, 22, 'up', 'good', 0, 993, '192.168.1.3', '2026-05-22 21:08:12', NULL, '2026-05-22 21:08:12', '2026-05-22 21:08:12'),
(1556, 23, 'up', 'good', 0, 21, '192.168.1.5', '2026-05-22 21:08:15', NULL, '2026-05-22 21:08:15', '2026-05-22 21:08:15'),
(1557, 25, 'up', 'good', 0, 44, '192.168.1.8', '2026-05-22 21:08:16', NULL, '2026-05-22 21:08:16', '2026-05-22 21:08:16'),
(1558, 26, 'up', 'good', 0, 28, '192.168.1.11', '2026-05-22 21:08:16', NULL, '2026-05-22 21:08:16', '2026-05-22 21:08:16'),
(1559, 22, 'up', 'good', 0, 1000, '192.168.1.3', '2026-05-22 21:09:12', NULL, '2026-05-22 21:09:12', '2026-05-22 21:09:12'),
(1560, 23, 'up', 'good', 0, 6, '192.168.1.5', '2026-05-22 21:09:13', NULL, '2026-05-22 21:09:13', '2026-05-22 21:09:13'),
(1561, 25, 'up', 'good', 0, 7, '192.168.1.8', '2026-05-22 21:09:13', NULL, '2026-05-22 21:09:13', '2026-05-22 21:09:13'),
(1562, 26, 'up', 'good', 0, 3, '192.168.1.11', '2026-05-22 21:09:13', NULL, '2026-05-22 21:09:13', '2026-05-22 21:09:13'),
(1563, 22, 'up', 'good', 0, 997, '192.168.1.3', '2026-05-22 21:10:13', NULL, '2026-05-22 21:10:13', '2026-05-22 21:10:13'),
(1564, 23, 'up', 'good', 0, 41, '192.168.1.5', '2026-05-22 21:10:14', NULL, '2026-05-22 21:10:14', '2026-05-22 21:10:14'),
(1565, 25, 'up', 'good', 0, 9, '192.168.1.8', '2026-05-22 21:10:14', NULL, '2026-05-22 21:10:14', '2026-05-22 21:10:14'),
(1566, 26, 'up', 'good', 0, 61, '192.168.1.11', '2026-05-22 21:10:15', NULL, '2026-05-22 21:10:15', '2026-05-22 21:10:15'),
(1567, 22, 'down', 'good', 0, NULL, '192.168.1.3', '2026-05-22 21:11:14', NULL, '2026-05-22 21:11:14', '2026-05-22 21:11:14'),
(1568, 23, 'up', 'good', 0, 8, '192.168.1.5', '2026-05-22 21:11:16', NULL, '2026-05-22 21:11:16', '2026-05-22 21:11:16'),
(1569, 25, 'up', 'good', 0, 207, '192.168.1.8', '2026-05-22 21:11:17', NULL, '2026-05-22 21:11:17', '2026-05-22 21:11:17'),
(1570, 26, 'up', 'good', 0, 21, '192.168.1.11', '2026-05-22 21:11:18', NULL, '2026-05-22 21:11:18', '2026-05-22 21:11:18'),
(1571, 22, 'down', 'good', 0, NULL, '192.168.1.3', '2026-05-22 21:12:15', NULL, '2026-05-22 21:12:15', '2026-05-22 21:12:15'),
(1572, 23, 'up', 'good', 0, 14, '192.168.1.5', '2026-05-22 21:12:15', NULL, '2026-05-22 21:12:15', '2026-05-22 21:12:15'),
(1573, 25, 'up', 'good', 0, 65, '192.168.1.8', '2026-05-22 21:12:16', NULL, '2026-05-22 21:12:16', '2026-05-22 21:12:16'),
(1574, 26, 'up', 'good', 0, 75, '192.168.1.11', '2026-05-22 21:12:18', NULL, '2026-05-22 21:12:18', '2026-05-22 21:12:18'),
(1575, 22, 'down', 'good', 0, NULL, '192.168.1.3', '2026-05-22 21:13:07', NULL, '2026-05-22 21:13:07', '2026-05-22 21:13:07'),
(1576, 23, 'down', 'good', 0, NULL, '192.168.1.5', '2026-05-22 21:13:07', NULL, '2026-05-22 21:13:07', '2026-05-22 21:13:07'),
(1577, 25, 'down', 'good', 0, NULL, '192.168.1.8', '2026-05-22 21:13:07', NULL, '2026-05-22 21:13:07', '2026-05-22 21:13:07'),
(1578, 26, 'down', 'good', 0, NULL, '192.168.1.11', '2026-05-22 21:13:08', NULL, '2026-05-22 21:13:08', '2026-05-22 21:13:08'),
(1579, 22, 'up', 'good', 0, 1007, '192.168.1.3', '2026-05-22 21:14:12', NULL, '2026-05-22 21:14:12', '2026-05-22 21:14:12'),
(1580, 23, 'up', 'good', 0, 993, '192.168.1.5', '2026-05-22 21:14:18', NULL, '2026-05-22 21:14:18', '2026-05-22 21:14:18'),
(1581, 25, 'up', 'good', 0, 996, '192.168.1.8', '2026-05-22 21:14:24', NULL, '2026-05-22 21:14:24', '2026-05-22 21:14:24'),
(1582, 26, 'up', 'good', 0, 1003, '192.168.1.11', '2026-05-22 21:14:30', NULL, '2026-05-22 21:14:30', '2026-05-22 21:14:30'),
(1583, 22, 'up', 'good', 0, 997, '192.168.1.3', '2026-05-22 21:15:12', NULL, '2026-05-22 21:15:12', '2026-05-22 21:15:12'),
(1584, 23, 'up', 'good', 0, 85, '192.168.1.5', '2026-05-22 21:15:13', NULL, '2026-05-22 21:15:13', '2026-05-22 21:15:13'),
(1585, 25, 'up', 'good', 0, 154, '192.168.1.8', '2026-05-22 21:15:14', NULL, '2026-05-22 21:15:14', '2026-05-22 21:15:14'),
(1586, 26, 'up', 'good', 0, 12, '192.168.1.11', '2026-05-22 21:15:15', NULL, '2026-05-22 21:15:15', '2026-05-22 21:15:15'),
(1587, 22, 'down', 'good', 0, NULL, '192.168.1.3', '2026-05-22 21:16:14', NULL, '2026-05-22 21:16:14', '2026-05-22 21:16:14'),
(1588, 23, 'up', 'good', 0, 22, '192.168.1.5', '2026-05-22 21:16:17', NULL, '2026-05-22 21:16:17', '2026-05-22 21:16:17'),
(1589, 25, 'up', 'good', 0, 31, '192.168.1.8', '2026-05-22 21:16:18', NULL, '2026-05-22 21:16:18', '2026-05-22 21:16:18'),
(1590, 26, 'up', 'good', 0, 8, '192.168.1.11', '2026-05-22 21:16:18', NULL, '2026-05-22 21:16:18', '2026-05-22 21:16:18'),
(1591, 22, 'down', 'good', 0, NULL, '192.168.1.3', '2026-05-22 21:17:14', NULL, '2026-05-22 21:17:14', '2026-05-22 21:17:14'),
(1592, 23, 'up', 'good', 0, 15, '192.168.1.5', '2026-05-22 21:17:15', NULL, '2026-05-22 21:17:15', '2026-05-22 21:17:15'),
(1593, 25, 'up', 'good', 0, 14, '192.168.1.8', '2026-05-22 21:17:15', NULL, '2026-05-22 21:17:15', '2026-05-22 21:17:15'),
(1594, 26, 'up', 'good', 0, 50, '192.168.1.11', '2026-05-22 21:17:16', NULL, '2026-05-22 21:17:16', '2026-05-22 21:17:16'),
(1595, 22, 'down', 'good', 0, NULL, '192.168.1.3', '2026-05-22 21:18:14', NULL, '2026-05-22 21:18:14', '2026-05-22 21:18:14'),
(1596, 23, 'up', 'good', 0, 31, '192.168.1.5', '2026-05-22 21:18:15', NULL, '2026-05-22 21:18:15', '2026-05-22 21:18:15'),
(1597, 25, 'up', 'good', 0, 44, '192.168.1.8', '2026-05-22 21:18:15', NULL, '2026-05-22 21:18:15', '2026-05-22 21:18:15'),
(1598, 26, 'up', 'good', 0, 35, '192.168.1.11', '2026-05-22 21:18:16', NULL, '2026-05-22 21:18:16', '2026-05-22 21:18:16'),
(1599, 22, 'down', 'good', 0, NULL, '192.168.1.3', '2026-05-22 21:19:08', NULL, '2026-05-22 21:19:08', '2026-05-22 21:19:08'),
(1600, 23, 'up', 'good', 0, 4, '192.168.1.5', '2026-05-22 21:19:09', NULL, '2026-05-22 21:19:09', '2026-05-22 21:19:09'),
(1601, 25, 'up', 'good', 0, 55, '192.168.1.8', '2026-05-22 21:19:10', NULL, '2026-05-22 21:19:10', '2026-05-22 21:19:10'),
(1602, 26, 'up', 'good', 0, 19, '192.168.1.11', '2026-05-22 21:19:10', NULL, '2026-05-22 21:19:10', '2026-05-22 21:19:10'),
(1603, 22, 'down', 'good', 0, NULL, '192.168.1.3', '2026-05-22 21:19:37', NULL, '2026-05-22 21:19:37', '2026-05-22 21:19:37'),
(1604, 23, 'up', 'good', 0, 3, '192.168.1.5', '2026-05-22 21:19:38', NULL, '2026-05-22 21:19:38', '2026-05-22 21:19:38'),
(1605, 25, 'up', 'good', 0, 30, '192.168.1.8', '2026-05-22 21:19:38', NULL, '2026-05-22 21:19:38', '2026-05-22 21:19:38'),
(1606, 26, 'up', 'good', 0, 37, '192.168.1.11', '2026-05-22 21:19:39', NULL, '2026-05-22 21:19:39', '2026-05-22 21:19:39'),
(1607, 22, 'down', 'good', 0, NULL, '192.168.1.3', '2026-05-22 21:20:07', NULL, '2026-05-22 21:20:07', '2026-05-22 21:20:07'),
(1608, 23, 'up', 'good', 0, 31, '192.168.1.5', '2026-05-22 21:20:08', NULL, '2026-05-22 21:20:08', '2026-05-22 21:20:08'),
(1609, 25, 'up', 'good', 0, 15, '192.168.1.8', '2026-05-22 21:20:09', NULL, '2026-05-22 21:20:09', '2026-05-22 21:20:09'),
(1610, 26, 'up', 'good', 0, 16, '192.168.1.11', '2026-05-22 21:20:09', NULL, '2026-05-22 21:20:09', '2026-05-22 21:20:09'),
(1611, 22, 'down', 'good', 0, NULL, '192.168.1.3', '2026-05-22 21:20:37', NULL, '2026-05-22 21:20:37', '2026-05-22 21:20:37'),
(1612, 23, 'up', 'good', 0, 31, '192.168.1.5', '2026-05-22 21:20:37', NULL, '2026-05-22 21:20:37', '2026-05-22 21:20:37'),
(1613, 25, 'up', 'good', 0, 25, '192.168.1.8', '2026-05-22 21:20:38', NULL, '2026-05-22 21:20:38', '2026-05-22 21:20:38'),
(1614, 26, 'up', 'good', 0, 5, '192.168.1.11', '2026-05-22 21:20:39', NULL, '2026-05-22 21:20:39', '2026-05-22 21:20:39'),
(1615, 22, 'down', 'good', 0, NULL, '192.168.1.3', '2026-05-22 21:21:07', NULL, '2026-05-22 21:21:07', '2026-05-22 21:21:07'),
(1616, 23, 'up', 'good', 0, 18, '192.168.1.5', '2026-05-22 21:21:07', NULL, '2026-05-22 21:21:07', '2026-05-22 21:21:07'),
(1617, 25, 'up', 'good', 0, 24, '192.168.1.8', '2026-05-22 21:21:08', NULL, '2026-05-22 21:21:08', '2026-05-22 21:21:08'),
(1618, 26, 'up', 'good', 0, 14, '192.168.1.11', '2026-05-22 21:21:08', NULL, '2026-05-22 21:21:08', '2026-05-22 21:21:08'),
(1619, 22, 'down', 'good', 0, NULL, '192.168.1.3', '2026-05-22 21:21:37', NULL, '2026-05-22 21:21:37', '2026-05-22 21:21:37'),
(1620, 23, 'up', 'good', 0, 26, '192.168.1.5', '2026-05-22 21:21:37', NULL, '2026-05-22 21:21:37', '2026-05-22 21:21:37'),
(1621, 25, 'up', 'good', 0, 54, '192.168.1.8', '2026-05-22 21:21:38', NULL, '2026-05-22 21:21:38', '2026-05-22 21:21:38'),
(1622, 26, 'up', 'good', 0, 36, '192.168.1.11', '2026-05-22 21:21:39', NULL, '2026-05-22 21:21:39', '2026-05-22 21:21:39'),
(1623, 22, 'down', 'good', 0, NULL, '192.168.1.3', '2026-05-22 21:22:07', NULL, '2026-05-22 21:22:07', '2026-05-22 21:22:07'),
(1624, 23, 'up', 'good', 0, 31, '192.168.1.5', '2026-05-22 21:22:11', NULL, '2026-05-22 21:22:11', '2026-05-22 21:22:11'),
(1625, 25, 'up', 'good', 0, 399, '192.168.1.8', '2026-05-22 21:22:13', NULL, '2026-05-22 21:22:13', '2026-05-22 21:22:13'),
(1626, 26, 'up', 'good', 0, 10, '192.168.1.11', '2026-05-22 21:22:14', NULL, '2026-05-22 21:22:14', '2026-05-22 21:22:14'),
(1627, 22, 'down', 'good', 0, NULL, '192.168.1.3', '2026-05-22 21:22:37', NULL, '2026-05-22 21:22:37', '2026-05-22 21:22:37'),
(1628, 23, 'up', 'good', 0, 163, '192.168.1.5', '2026-05-22 21:22:39', NULL, '2026-05-22 21:22:39', '2026-05-22 21:22:39'),
(1629, 25, 'up', 'good', 0, 17, '192.168.1.8', '2026-05-22 21:22:39', NULL, '2026-05-22 21:22:39', '2026-05-22 21:22:39'),
(1630, 26, 'up', 'good', 0, 6, '192.168.1.11', '2026-05-22 21:22:40', NULL, '2026-05-22 21:22:40', '2026-05-22 21:22:40'),
(1631, 22, 'down', 'good', 0, NULL, '192.168.1.3', '2026-05-22 21:23:42', NULL, '2026-05-22 21:23:42', '2026-05-22 21:23:42'),
(1632, 23, 'up', 'good', 0, 30, '192.168.1.5', '2026-05-22 21:23:43', NULL, '2026-05-22 21:23:43', '2026-05-22 21:23:43'),
(1633, 25, 'up', 'good', 0, 107, '192.168.1.8', '2026-05-22 21:23:44', NULL, '2026-05-22 21:23:44', '2026-05-22 21:23:44'),
(1634, 26, 'up', 'good', 0, 34, '192.168.1.11', '2026-05-22 21:23:44', NULL, '2026-05-22 21:23:44', '2026-05-22 21:23:44'),
(1635, 22, 'down', 'good', 0, NULL, '192.168.1.3', '2026-05-22 21:24:07', NULL, '2026-05-22 21:24:07', '2026-05-22 21:24:07'),
(1636, 23, 'up', 'good', 0, 9, '192.168.1.5', '2026-05-22 21:24:07', NULL, '2026-05-22 21:24:07', '2026-05-22 21:24:07'),
(1637, 25, 'up', 'good', 0, 9, '192.168.1.8', '2026-05-22 21:24:08', NULL, '2026-05-22 21:24:08', '2026-05-22 21:24:08'),
(1638, 26, 'up', 'good', 0, 33, '192.168.1.11', '2026-05-22 21:24:09', NULL, '2026-05-22 21:24:09', '2026-05-22 21:24:09'),
(1639, 22, 'down', 'good', 0, NULL, '192.168.1.3', '2026-05-22 21:24:37', NULL, '2026-05-22 21:24:37', '2026-05-22 21:24:37'),
(1640, 23, 'up', 'good', 0, 400, '192.168.1.5', '2026-05-22 21:24:42', NULL, '2026-05-22 21:24:42', '2026-05-22 21:24:42'),
(1641, 25, 'up', 'good', 0, 748, '192.168.1.8', '2026-05-22 21:24:48', NULL, '2026-05-22 21:24:48', '2026-05-22 21:24:48'),
(1642, 26, 'up', 'good', 0, 402, '192.168.1.11', '2026-05-22 21:24:53', NULL, '2026-05-22 21:24:53', '2026-05-22 21:24:53'),
(1643, 22, 'down', 'good', 0, NULL, '192.168.1.3', '2026-05-22 21:25:07', NULL, '2026-05-22 21:25:07', '2026-05-22 21:25:07'),
(1644, 23, 'up', 'good', 0, 22, '192.168.1.5', '2026-05-22 21:25:07', NULL, '2026-05-22 21:25:07', '2026-05-22 21:25:07'),
(1645, 25, 'up', 'good', 0, 72, '192.168.1.8', '2026-05-22 21:25:08', NULL, '2026-05-22 21:25:08', '2026-05-22 21:25:08'),
(1646, 26, 'up', 'good', 0, 70, '192.168.1.11', '2026-05-22 21:25:09', NULL, '2026-05-22 21:25:09', '2026-05-22 21:25:09'),
(1647, 22, 'down', 'good', 0, NULL, '192.168.1.3', '2026-05-22 21:25:37', NULL, '2026-05-22 21:25:37', '2026-05-22 21:25:37'),
(1648, 23, 'up', 'good', 0, 24, '192.168.1.5', '2026-05-22 21:25:38', NULL, '2026-05-22 21:25:38', '2026-05-22 21:25:38'),
(1649, 25, 'up', 'good', 0, 243, '192.168.1.8', '2026-05-22 21:25:39', NULL, '2026-05-22 21:25:39', '2026-05-22 21:25:39'),
(1650, 26, 'up', 'good', 0, 20, '192.168.1.11', '2026-05-22 21:25:40', NULL, '2026-05-22 21:25:40', '2026-05-22 21:25:40'),
(1651, 22, 'down', 'good', 0, NULL, '192.168.1.3', '2026-05-22 21:26:07', NULL, '2026-05-22 21:26:07', '2026-05-22 21:26:07'),
(1652, 23, 'up', 'good', 0, 23, '192.168.1.5', '2026-05-22 21:26:07', NULL, '2026-05-22 21:26:07', '2026-05-22 21:26:07'),
(1653, 25, 'up', 'good', 0, 6, '192.168.1.8', '2026-05-22 21:26:08', NULL, '2026-05-22 21:26:08', '2026-05-22 21:26:08'),
(1654, 26, 'up', 'good', 0, 6, '192.168.1.11', '2026-05-22 21:26:08', NULL, '2026-05-22 21:26:08', '2026-05-22 21:26:08'),
(1655, 22, 'down', 'good', 0, NULL, '192.168.1.3', '2026-05-22 21:26:37', NULL, '2026-05-22 21:26:37', '2026-05-22 21:26:37'),
(1656, 23, 'up', 'good', 0, 27, '192.168.1.5', '2026-05-22 21:26:38', NULL, '2026-05-22 21:26:38', '2026-05-22 21:26:38'),
(1657, 25, 'up', 'good', 0, 232, '192.168.1.8', '2026-05-22 21:26:46', NULL, '2026-05-22 21:26:46', '2026-05-22 21:26:46'),
(1658, 26, 'up', 'good', 0, 321, '192.168.1.11', '2026-05-22 21:26:48', NULL, '2026-05-22 21:26:48', '2026-05-22 21:26:48'),
(1659, 22, 'down', 'good', 0, NULL, '192.168.1.3', '2026-05-22 21:27:07', NULL, '2026-05-22 21:27:07', '2026-05-22 21:27:07'),
(1660, 23, 'up', 'good', 0, 943, '192.168.1.5', '2026-05-22 21:27:13', NULL, '2026-05-22 21:27:13', '2026-05-22 21:27:13'),
(1661, 25, 'up', 'good', 0, 1195, '192.168.1.8', '2026-05-22 21:27:19', NULL, '2026-05-22 21:27:19', '2026-05-22 21:27:19'),
(1662, 26, 'up', 'good', 0, 809, '192.168.1.11', '2026-05-22 21:27:23', NULL, '2026-05-22 21:27:23', '2026-05-22 21:27:23'),
(1663, 22, 'down', 'good', 0, NULL, '192.168.1.3', '2026-05-22 21:27:37', NULL, '2026-05-22 21:27:37', '2026-05-22 21:27:37'),
(1664, 23, 'up', 'good', 0, 1344, '192.168.1.5', '2026-05-22 21:27:44', NULL, '2026-05-22 21:27:44', '2026-05-22 21:27:44'),
(1665, 25, 'down', 'good', 0, NULL, '192.168.1.8', '2026-05-22 21:27:52', NULL, '2026-05-22 21:27:52', '2026-05-22 21:27:52'),
(1666, 26, 'up', 'good', 0, 91, '192.168.1.11', '2026-05-22 21:28:01', NULL, '2026-05-22 21:28:01', '2026-05-22 21:28:01'),
(1667, 22, 'down', 'good', 0, NULL, '192.168.1.3', '2026-05-22 21:28:37', NULL, '2026-05-22 21:28:37', '2026-05-22 21:28:37'),
(1668, 23, 'down', 'good', 0, NULL, '192.168.1.5', '2026-05-22 21:28:45', NULL, '2026-05-22 21:28:45', '2026-05-22 21:28:45'),
(1669, 25, 'up', 'good', 0, 1482, '192.168.1.8', '2026-05-22 21:29:00', NULL, '2026-05-22 21:29:00', '2026-05-22 21:29:00'),
(1670, 26, 'up', 'good', 0, 701, '192.168.1.11', '2026-05-22 21:29:14', NULL, '2026-05-22 21:29:14', '2026-05-22 21:29:14'),
(1671, 22, 'down', 'good', 0, NULL, '192.168.1.3', '2026-05-22 21:29:37', NULL, '2026-05-22 21:29:37', '2026-05-22 21:29:37'),
(1672, 23, 'up', 'good', 0, 17, '192.168.1.5', '2026-05-22 21:29:38', NULL, '2026-05-22 21:29:38', '2026-05-22 21:29:38'),
(1673, 25, 'up', 'good', 0, 16, '192.168.1.8', '2026-05-22 21:29:41', NULL, '2026-05-22 21:29:41', '2026-05-22 21:29:41'),
(1674, 26, 'up', 'good', 0, 13, '192.168.1.11', '2026-05-22 21:29:43', NULL, '2026-05-22 21:29:43', '2026-05-22 21:29:43'),
(1675, 22, 'down', 'good', 0, NULL, '192.168.1.3', '2026-05-22 21:30:14', NULL, '2026-05-22 21:30:14', '2026-05-22 21:30:14'),
(1676, 23, 'down', 'good', 0, NULL, '192.168.1.5', '2026-05-22 21:30:22', NULL, '2026-05-22 21:30:22', '2026-05-22 21:30:22'),
(1677, 25, 'down', 'good', 0, NULL, '192.168.1.8', '2026-05-22 21:30:37', NULL, '2026-05-22 21:30:37', '2026-05-22 21:30:37'),
(1678, 26, 'up', 'good', 0, 1034, '192.168.1.11', '2026-05-22 21:30:51', NULL, '2026-05-22 21:30:51', '2026-05-22 21:30:51'),
(1679, 22, 'down', 'good', 0, NULL, '192.168.1.3', '2026-05-22 21:31:14', NULL, '2026-05-22 21:31:14', '2026-05-22 21:31:14'),
(1680, 23, 'up', 'good', 0, 817, '192.168.1.5', '2026-05-22 21:31:21', NULL, '2026-05-22 21:31:21', '2026-05-22 21:31:21'),
(1681, 25, 'up', 'good', 0, 447, '192.168.1.8', '2026-05-22 21:31:26', NULL, '2026-05-22 21:31:26', '2026-05-22 21:31:26'),
(1682, 26, 'up', 'good', 0, 1445, '192.168.1.11', '2026-05-22 21:31:36', NULL, '2026-05-22 21:31:36', '2026-05-22 21:31:36'),
(1683, 22, 'up', 'good', 0, 987, '192.168.1.3', '2026-05-22 21:32:13', NULL, '2026-05-22 21:32:13', '2026-05-22 21:32:13'),
(1684, 23, 'up', 'good', 0, 745, '192.168.1.5', '2026-05-22 21:32:24', NULL, '2026-05-22 21:32:24', '2026-05-22 21:32:24'),
(1685, 25, 'up', 'good', 0, 215, '192.168.1.8', '2026-05-22 21:32:28', NULL, '2026-05-22 21:32:28', '2026-05-22 21:32:28'),
(1686, 26, 'up', 'good', 0, 17, '192.168.1.11', '2026-05-22 21:32:30', NULL, '2026-05-22 21:32:30', '2026-05-22 21:32:30'),
(1687, 22, 'down', 'good', 0, NULL, '192.168.1.3', '2026-05-22 21:33:14', NULL, '2026-05-22 21:33:14', '2026-05-22 21:33:14'),
(1688, 23, 'up', 'good', 0, 13, '192.168.1.5', '2026-05-22 21:33:18', NULL, '2026-05-22 21:33:18', '2026-05-22 21:33:18'),
(1689, 25, 'up', 'good', 0, 7, '192.168.1.8', '2026-05-22 21:33:18', NULL, '2026-05-22 21:33:18', '2026-05-22 21:33:18'),
(1690, 26, 'up', 'good', 0, 34, '192.168.1.11', '2026-05-22 21:33:19', NULL, '2026-05-22 21:33:19', '2026-05-22 21:33:19');
INSERT INTO `monitoring_logs` (`id`, `device_id`, `status`, `quality`, `packet_loss`, `response_time`, `ip_address`, `checked_at`, `notes`, `created_at`, `updated_at`) VALUES
(1691, 22, 'down', 'good', 0, NULL, '192.168.1.3', '2026-05-22 21:34:14', NULL, '2026-05-22 21:34:14', '2026-05-22 21:34:14'),
(1692, 23, 'up', 'good', 0, 34, '192.168.1.5', '2026-05-22 21:34:15', NULL, '2026-05-22 21:34:15', '2026-05-22 21:34:15'),
(1693, 25, 'up', 'good', 0, 23, '192.168.1.8', '2026-05-22 21:34:15', NULL, '2026-05-22 21:34:15', '2026-05-22 21:34:15'),
(1694, 26, 'up', 'good', 0, 14, '192.168.1.11', '2026-05-22 21:34:16', NULL, '2026-05-22 21:34:16', '2026-05-22 21:34:16'),
(1695, 22, 'down', 'good', 0, NULL, '192.168.1.3', '2026-05-22 21:35:14', NULL, '2026-05-22 21:35:14', '2026-05-22 21:35:14'),
(1696, 23, 'up', 'good', 0, 34, '192.168.1.5', '2026-05-22 21:35:15', NULL, '2026-05-22 21:35:15', '2026-05-22 21:35:15'),
(1697, 25, 'up', 'good', 0, 8, '192.168.1.8', '2026-05-22 21:35:15', NULL, '2026-05-22 21:35:15', '2026-05-22 21:35:15'),
(1698, 26, 'up', 'good', 0, 20, '192.168.1.11', '2026-05-22 21:35:16', NULL, '2026-05-22 21:35:16', '2026-05-22 21:35:16'),
(1699, 22, 'up', 'good', 0, 20, '192.168.1.3', '2026-05-22 21:36:10', NULL, '2026-05-22 21:36:11', '2026-05-22 21:36:11'),
(1700, 23, 'up', 'good', 0, 4, '192.168.1.5', '2026-05-22 21:36:13', NULL, '2026-05-22 21:36:13', '2026-05-22 21:36:13'),
(1701, 25, 'up', 'good', 0, 14, '192.168.1.8', '2026-05-22 21:36:14', NULL, '2026-05-22 21:36:14', '2026-05-22 21:36:14'),
(1702, 26, 'up', 'good', 0, 23, '192.168.1.11', '2026-05-22 21:36:14', NULL, '2026-05-22 21:36:14', '2026-05-22 21:36:14'),
(1703, 22, 'down', 'good', 0, NULL, '192.168.1.3', '2026-05-22 21:37:14', NULL, '2026-05-22 21:37:14', '2026-05-22 21:37:14'),
(1704, 23, 'up', 'good', 0, 4, '192.168.1.5', '2026-05-22 21:37:17', NULL, '2026-05-22 21:37:17', '2026-05-22 21:37:17'),
(1705, 25, 'up', 'good', 0, 21, '192.168.1.8', '2026-05-22 21:37:18', NULL, '2026-05-22 21:37:18', '2026-05-22 21:37:18'),
(1706, 26, 'up', 'good', 0, 16, '192.168.1.11', '2026-05-22 21:37:18', NULL, '2026-05-22 21:37:18', '2026-05-22 21:37:18'),
(1707, 22, 'down', 'good', 0, NULL, '192.168.1.3', '2026-05-22 21:38:14', NULL, '2026-05-22 21:38:14', '2026-05-22 21:38:14'),
(1708, 23, 'up', 'good', 0, 30, '192.168.1.5', '2026-05-22 21:38:15', NULL, '2026-05-22 21:38:15', '2026-05-22 21:38:15'),
(1709, 25, 'up', 'good', 0, 56, '192.168.1.8', '2026-05-22 21:38:16', NULL, '2026-05-22 21:38:16', '2026-05-22 21:38:16'),
(1710, 26, 'up', 'good', 0, 28, '192.168.1.11', '2026-05-22 21:38:16', NULL, '2026-05-22 21:38:16', '2026-05-22 21:38:16'),
(1711, 22, 'down', 'good', 0, NULL, '192.168.1.3', '2026-05-22 21:39:14', NULL, '2026-05-22 21:39:14', '2026-05-22 21:39:14'),
(1712, 23, 'up', 'good', 0, 6, '192.168.1.5', '2026-05-22 21:39:15', NULL, '2026-05-22 21:39:15', '2026-05-22 21:39:15'),
(1713, 25, 'up', 'good', 0, 95, '192.168.1.8', '2026-05-22 21:39:16', NULL, '2026-05-22 21:39:16', '2026-05-22 21:39:16'),
(1714, 26, 'up', 'good', 0, 4, '192.168.1.11', '2026-05-22 21:39:16', NULL, '2026-05-22 21:39:16', '2026-05-22 21:39:16'),
(1715, 22, 'down', 'good', 0, NULL, '192.168.1.3', '2026-05-22 21:40:14', NULL, '2026-05-22 21:40:14', '2026-05-22 21:40:14'),
(1716, 23, 'up', 'good', 0, 33, '192.168.1.5', '2026-05-22 21:40:15', NULL, '2026-05-22 21:40:15', '2026-05-22 21:40:15'),
(1717, 25, 'up', 'good', 0, 35, '192.168.1.8', '2026-05-22 21:40:15', NULL, '2026-05-22 21:40:15', '2026-05-22 21:40:15'),
(1718, 26, 'up', 'good', 0, 43, '192.168.1.11', '2026-05-22 21:40:16', NULL, '2026-05-22 21:40:16', '2026-05-22 21:40:16'),
(1719, 22, 'down', 'good', 0, NULL, '192.168.1.3', '2026-05-22 21:41:14', NULL, '2026-05-22 21:41:14', '2026-05-22 21:41:14'),
(1720, 23, 'up', 'good', 0, 29, '192.168.1.5', '2026-05-22 21:41:15', NULL, '2026-05-22 21:41:15', '2026-05-22 21:41:15'),
(1721, 25, 'up', 'good', 0, 29, '192.168.1.8', '2026-05-22 21:41:15', NULL, '2026-05-22 21:41:15', '2026-05-22 21:41:15'),
(1722, 26, 'up', 'good', 0, 35, '192.168.1.11', '2026-05-22 21:41:16', NULL, '2026-05-22 21:41:16', '2026-05-22 21:41:16'),
(1723, 22, 'down', 'good', 0, NULL, '192.168.1.3', '2026-05-22 21:42:14', NULL, '2026-05-22 21:42:14', '2026-05-22 21:42:14'),
(1724, 23, 'up', 'good', 0, 16, '192.168.1.5', '2026-05-22 21:42:15', NULL, '2026-05-22 21:42:15', '2026-05-22 21:42:15'),
(1725, 25, 'up', 'good', 0, 11, '192.168.1.8', '2026-05-22 21:42:15', NULL, '2026-05-22 21:42:15', '2026-05-22 21:42:15'),
(1726, 26, 'up', 'good', 0, 32, '192.168.1.11', '2026-05-22 21:42:16', NULL, '2026-05-22 21:42:16', '2026-05-22 21:42:16'),
(1727, 22, 'down', 'good', 0, NULL, '192.168.1.3', '2026-05-22 21:43:14', NULL, '2026-05-22 21:43:14', '2026-05-22 21:43:14'),
(1728, 23, 'up', 'good', 0, 19, '192.168.1.5', '2026-05-22 21:43:15', NULL, '2026-05-22 21:43:15', '2026-05-22 21:43:15'),
(1729, 25, 'up', 'good', 0, 11, '192.168.1.8', '2026-05-22 21:43:15', NULL, '2026-05-22 21:43:15', '2026-05-22 21:43:15'),
(1730, 26, 'up', 'good', 0, 18, '192.168.1.11', '2026-05-22 21:43:16', NULL, '2026-05-22 21:43:16', '2026-05-22 21:43:16'),
(1731, 22, 'down', 'good', 0, NULL, '192.168.1.3', '2026-05-22 21:44:14', NULL, '2026-05-22 21:44:14', '2026-05-22 21:44:14'),
(1732, 23, 'up', 'good', 0, 19, '192.168.1.5', '2026-05-22 21:44:15', NULL, '2026-05-22 21:44:15', '2026-05-22 21:44:15'),
(1733, 25, 'up', 'good', 0, 29, '192.168.1.8', '2026-05-22 21:44:15', NULL, '2026-05-22 21:44:15', '2026-05-22 21:44:15'),
(1734, 26, 'up', 'good', 0, 12, '192.168.1.11', '2026-05-22 21:44:16', NULL, '2026-05-22 21:44:16', '2026-05-22 21:44:16'),
(1735, 22, 'down', 'good', 0, NULL, '192.168.1.3', '2026-05-22 21:45:14', NULL, '2026-05-22 21:45:14', '2026-05-22 21:45:14'),
(1736, 23, 'up', 'good', 0, 7, '192.168.1.5', '2026-05-22 21:45:15', NULL, '2026-05-22 21:45:15', '2026-05-22 21:45:15'),
(1737, 25, 'up', 'good', 0, 4, '192.168.1.8', '2026-05-22 21:45:15', NULL, '2026-05-22 21:45:15', '2026-05-22 21:45:15'),
(1738, 26, 'up', 'good', 0, 13, '192.168.1.11', '2026-05-22 21:45:16', NULL, '2026-05-22 21:45:16', '2026-05-22 21:45:16'),
(1739, 22, 'down', 'good', 0, NULL, '192.168.1.3', '2026-05-22 21:46:14', NULL, '2026-05-22 21:46:14', '2026-05-22 21:46:14'),
(1740, 23, 'up', 'good', 0, 21, '192.168.1.5', '2026-05-22 21:46:15', NULL, '2026-05-22 21:46:15', '2026-05-22 21:46:15'),
(1741, 25, 'up', 'good', 0, 5, '192.168.1.8', '2026-05-22 21:46:15', NULL, '2026-05-22 21:46:15', '2026-05-22 21:46:15'),
(1742, 26, 'up', 'good', 0, 6, '192.168.1.11', '2026-05-22 21:46:16', NULL, '2026-05-22 21:46:16', '2026-05-22 21:46:16'),
(1743, 22, 'down', 'good', 0, NULL, '192.168.1.3', '2026-05-22 21:47:14', NULL, '2026-05-22 21:47:14', '2026-05-22 21:47:14'),
(1744, 23, 'up', 'good', 0, 23, '192.168.1.5', '2026-05-22 21:47:15', NULL, '2026-05-22 21:47:15', '2026-05-22 21:47:15'),
(1745, 25, 'up', 'good', 0, 19, '192.168.1.8', '2026-05-22 21:47:15', NULL, '2026-05-22 21:47:15', '2026-05-22 21:47:15'),
(1746, 26, 'up', 'good', 0, 13, '192.168.1.11', '2026-05-22 21:47:16', NULL, '2026-05-22 21:47:16', '2026-05-22 21:47:16'),
(1747, 22, 'down', 'good', 0, NULL, '192.168.1.3', '2026-05-22 21:48:14', NULL, '2026-05-22 21:48:14', '2026-05-22 21:48:14'),
(1748, 23, 'up', 'good', 0, 230, '192.168.1.5', '2026-05-22 21:48:16', NULL, '2026-05-22 21:48:16', '2026-05-22 21:48:16'),
(1749, 25, 'up', 'good', 0, 159, '192.168.1.8', '2026-05-22 21:48:17', NULL, '2026-05-22 21:48:17', '2026-05-22 21:48:17'),
(1750, 26, 'up', 'good', 0, 77, '192.168.1.11', '2026-05-22 21:48:18', NULL, '2026-05-22 21:48:18', '2026-05-22 21:48:18'),
(1751, 22, 'down', 'good', 0, NULL, '192.168.1.3', '2026-05-22 21:49:14', NULL, '2026-05-22 21:49:14', '2026-05-22 21:49:14'),
(1752, 23, 'up', 'good', 0, 30, '192.168.1.5', '2026-05-22 21:49:15', NULL, '2026-05-22 21:49:15', '2026-05-22 21:49:15'),
(1753, 25, 'up', 'good', 0, 5, '192.168.1.8', '2026-05-22 21:49:15', NULL, '2026-05-22 21:49:15', '2026-05-22 21:49:15'),
(1754, 26, 'up', 'good', 0, 65, '192.168.1.11', '2026-05-22 21:49:16', NULL, '2026-05-22 21:49:16', '2026-05-22 21:49:16'),
(1755, 22, 'down', 'good', 0, NULL, '192.168.1.3', '2026-05-22 21:50:14', NULL, '2026-05-22 21:50:14', '2026-05-22 21:50:14'),
(1756, 23, 'up', 'good', 0, 4, '192.168.1.5', '2026-05-22 21:50:15', NULL, '2026-05-22 21:50:15', '2026-05-22 21:50:15'),
(1757, 25, 'up', 'good', 0, 5, '192.168.1.8', '2026-05-22 21:50:15', NULL, '2026-05-22 21:50:15', '2026-05-22 21:50:15'),
(1758, 26, 'up', 'good', 0, 23, '192.168.1.11', '2026-05-22 21:50:16', NULL, '2026-05-22 21:50:16', '2026-05-22 21:50:16'),
(1759, 22, 'down', 'good', 0, NULL, '192.168.1.3', '2026-05-22 21:51:14', NULL, '2026-05-22 21:51:14', '2026-05-22 21:51:14'),
(1760, 23, 'up', 'good', 0, 11, '192.168.1.5', '2026-05-22 21:51:15', NULL, '2026-05-22 21:51:15', '2026-05-22 21:51:15'),
(1761, 25, 'up', 'good', 0, 10, '192.168.1.8', '2026-05-22 21:51:15', NULL, '2026-05-22 21:51:15', '2026-05-22 21:51:15'),
(1762, 26, 'up', 'good', 0, 7, '192.168.1.11', '2026-05-22 21:51:16', NULL, '2026-05-22 21:51:16', '2026-05-22 21:51:16'),
(1763, 22, 'down', 'good', 0, NULL, '192.168.1.3', '2026-05-22 21:52:14', NULL, '2026-05-22 21:52:14', '2026-05-22 21:52:14'),
(1764, 23, 'up', 'good', 0, 295, '192.168.1.5', '2026-05-22 21:52:16', NULL, '2026-05-22 21:52:16', '2026-05-22 21:52:16'),
(1765, 25, 'up', 'good', 0, 19, '192.168.1.8', '2026-05-22 21:52:16', NULL, '2026-05-22 21:52:16', '2026-05-22 21:52:16'),
(1766, 26, 'up', 'good', 0, 13, '192.168.1.11', '2026-05-22 21:52:17', NULL, '2026-05-22 21:52:17', '2026-05-22 21:52:17'),
(1767, 22, 'down', 'good', 0, NULL, '192.168.1.3', '2026-05-22 21:53:14', NULL, '2026-05-22 21:53:14', '2026-05-22 21:53:14'),
(1768, 23, 'up', 'good', 0, 5, '192.168.1.5', '2026-05-22 21:53:15', NULL, '2026-05-22 21:53:15', '2026-05-22 21:53:15'),
(1769, 25, 'up', 'good', 0, 7, '192.168.1.8', '2026-05-22 21:53:15', NULL, '2026-05-22 21:53:15', '2026-05-22 21:53:15'),
(1770, 26, 'up', 'good', 0, 9, '192.168.1.11', '2026-05-22 21:53:16', NULL, '2026-05-22 21:53:16', '2026-05-22 21:53:16'),
(1771, 22, 'down', 'good', 0, NULL, '192.168.1.3', '2026-05-22 21:54:14', NULL, '2026-05-22 21:54:14', '2026-05-22 21:54:14'),
(1772, 23, 'up', 'good', 0, 11, '192.168.1.5', '2026-05-22 21:54:15', NULL, '2026-05-22 21:54:15', '2026-05-22 21:54:15'),
(1773, 25, 'up', 'good', 0, 41, '192.168.1.8', '2026-05-22 21:54:15', NULL, '2026-05-22 21:54:15', '2026-05-22 21:54:15'),
(1774, 26, 'up', 'good', 0, 4, '192.168.1.11', '2026-05-22 21:54:16', NULL, '2026-05-22 21:54:16', '2026-05-22 21:54:16'),
(1775, 22, 'down', 'good', 0, NULL, '192.168.1.3', '2026-05-22 21:55:14', NULL, '2026-05-22 21:55:14', '2026-05-22 21:55:14'),
(1776, 23, 'up', 'good', 0, 506, '192.168.1.5', '2026-05-22 21:55:17', NULL, '2026-05-22 21:55:17', '2026-05-22 21:55:17'),
(1777, 25, 'up', 'good', 0, 43, '192.168.1.8', '2026-05-22 21:55:17', NULL, '2026-05-22 21:55:17', '2026-05-22 21:55:17'),
(1778, 26, 'up', 'good', 0, 13, '192.168.1.11', '2026-05-22 21:55:18', NULL, '2026-05-22 21:55:18', '2026-05-22 21:55:18'),
(1779, 22, 'down', 'good', 0, NULL, '192.168.1.3', '2026-05-22 21:56:14', NULL, '2026-05-22 21:56:14', '2026-05-22 21:56:14'),
(1780, 23, 'up', 'good', 0, 1030, '192.168.1.5', '2026-05-22 21:56:20', NULL, '2026-05-22 21:56:20', '2026-05-22 21:56:20'),
(1781, 25, 'up', 'good', 0, 93, '192.168.1.8', '2026-05-22 21:56:21', NULL, '2026-05-22 21:56:21', '2026-05-22 21:56:21'),
(1782, 26, 'up', 'good', 0, 27, '192.168.1.11', '2026-05-22 21:56:21', NULL, '2026-05-22 21:56:21', '2026-05-22 21:56:21'),
(1783, 22, 'down', 'good', 0, NULL, '192.168.1.3', '2026-05-22 21:57:14', NULL, '2026-05-22 21:57:14', '2026-05-22 21:57:14'),
(1784, 23, 'up', 'good', 0, 433, '192.168.1.5', '2026-05-22 21:57:16', NULL, '2026-05-22 21:57:16', '2026-05-22 21:57:16'),
(1785, 25, 'up', 'good', 0, 206, '192.168.1.8', '2026-05-22 21:57:19', NULL, '2026-05-22 21:57:19', '2026-05-22 21:57:19'),
(1786, 26, 'up', 'good', 0, 250, '192.168.1.11', '2026-05-22 21:57:21', NULL, '2026-05-22 21:57:21', '2026-05-22 21:57:21'),
(1787, 22, 'down', 'good', 0, NULL, '192.168.1.3', '2026-05-22 21:58:14', NULL, '2026-05-22 21:58:14', '2026-05-22 21:58:14'),
(1788, 23, 'up', 'good', 0, 20, '192.168.1.5', '2026-05-22 21:58:15', NULL, '2026-05-22 21:58:15', '2026-05-22 21:58:15'),
(1789, 25, 'up', 'good', 0, 11, '192.168.1.8', '2026-05-22 21:58:15', NULL, '2026-05-22 21:58:15', '2026-05-22 21:58:15'),
(1790, 26, 'up', 'good', 0, 139, '192.168.1.11', '2026-05-22 21:58:16', NULL, '2026-05-22 21:58:16', '2026-05-22 21:58:16'),
(1791, 22, 'up', 'good', 0, 639, '192.168.1.3', '2026-05-22 22:56:58', NULL, '2026-05-22 22:56:58', '2026-05-22 22:56:58'),
(1792, 23, 'up', 'good', 0, 30, '192.168.1.5', '2026-05-22 22:57:01', NULL, '2026-05-22 22:57:01', '2026-05-22 22:57:01'),
(1793, 25, 'up', 'good', 0, 107, '192.168.1.8', '2026-05-22 22:57:04', NULL, '2026-05-22 22:57:04', '2026-05-22 22:57:04'),
(1794, 26, 'up', 'good', 0, 8, '192.168.1.11', '2026-05-22 22:57:07', NULL, '2026-05-22 22:57:07', '2026-05-22 22:57:07'),
(1795, 22, 'up', 'good', 0, 66, '192.168.1.3', '2026-05-22 23:01:42', NULL, '2026-05-22 23:01:42', '2026-05-22 23:01:42'),
(1796, 23, 'down', 'good', 0, NULL, '192.168.1.5', '2026-05-22 23:01:53', NULL, '2026-05-22 23:01:53', '2026-05-22 23:01:53'),
(1797, 25, 'up', 'good', 0, 16, '192.168.1.8', '2026-05-22 23:01:58', NULL, '2026-05-22 23:01:58', '2026-05-22 23:01:58'),
(1798, 26, 'up', 'good', 0, 22, '192.168.1.11', '2026-05-22 23:02:01', NULL, '2026-05-22 23:02:01', '2026-05-22 23:02:01'),
(1799, 22, 'up', 'good', 0, 463, '192.168.1.3', '2026-05-22 23:02:11', NULL, '2026-05-22 23:02:11', '2026-05-22 23:02:11'),
(1800, 23, 'down', 'good', 0, NULL, '192.168.1.5', '2026-05-22 23:02:19', NULL, '2026-05-22 23:02:19', '2026-05-22 23:02:19'),
(1801, 25, 'up', 'good', 0, 6, '192.168.1.8', '2026-05-22 23:02:19', NULL, '2026-05-22 23:02:19', '2026-05-22 23:02:19'),
(1802, 26, 'up', 'good', 0, 57, '192.168.1.11', '2026-05-22 23:02:20', NULL, '2026-05-22 23:02:20', '2026-05-22 23:02:20'),
(1803, 22, 'up', 'good', 0, 151, '192.168.1.3', '2026-05-22 23:02:43', NULL, '2026-05-22 23:02:43', '2026-05-22 23:02:43'),
(1804, 23, 'down', 'good', 0, NULL, '192.168.1.5', '2026-05-22 23:02:51', NULL, '2026-05-22 23:02:51', '2026-05-22 23:02:51'),
(1805, 25, 'up', 'good', 0, 378, '192.168.1.8', '2026-05-22 23:02:53', NULL, '2026-05-22 23:02:53', '2026-05-22 23:02:53'),
(1806, 26, 'up', 'good', 0, 154, '192.168.1.11', '2026-05-22 23:02:54', NULL, '2026-05-22 23:02:54', '2026-05-22 23:02:54'),
(1807, 22, 'up', 'good', 0, 1040, '192.168.1.3', '2026-05-22 23:03:13', NULL, '2026-05-22 23:03:13', '2026-05-22 23:03:13'),
(1808, 23, 'down', 'good', 0, NULL, '192.168.1.5', '2026-05-22 23:03:21', NULL, '2026-05-22 23:03:21', '2026-05-22 23:03:21'),
(1809, 25, 'up', 'good', 0, 465, '192.168.1.8', '2026-05-22 23:03:23', NULL, '2026-05-22 23:03:23', '2026-05-22 23:03:23'),
(1810, 26, 'up', 'good', 0, 9, '192.168.1.11', '2026-05-22 23:03:24', NULL, '2026-05-22 23:03:24', '2026-05-22 23:03:24'),
(1811, 22, 'up', 'good', 0, 627, '192.168.1.3', '2026-05-22 23:03:41', NULL, '2026-05-22 23:03:41', '2026-05-22 23:03:41'),
(1812, 23, 'down', 'good', 0, NULL, '192.168.1.5', '2026-05-22 23:03:52', NULL, '2026-05-22 23:03:52', '2026-05-22 23:03:52'),
(1813, 25, 'up', 'good', 0, 24, '192.168.1.8', '2026-05-22 23:03:53', NULL, '2026-05-22 23:03:53', '2026-05-22 23:03:53'),
(1814, 26, 'up', 'good', 0, 7, '192.168.1.11', '2026-05-22 23:03:53', NULL, '2026-05-22 23:03:53', '2026-05-22 23:03:53'),
(1815, 22, 'up', 'good', 0, 852, '192.168.1.3', '2026-05-22 23:04:12', NULL, '2026-05-22 23:04:12', '2026-05-22 23:04:12'),
(1816, 23, 'down', 'good', 0, NULL, '192.168.1.5', '2026-05-22 23:04:20', NULL, '2026-05-22 23:04:20', '2026-05-22 23:04:20'),
(1817, 25, 'up', 'good', 0, 135, '192.168.1.8', '2026-05-22 23:04:21', NULL, '2026-05-22 23:04:21', '2026-05-22 23:04:21'),
(1818, 26, 'up', 'good', 0, 6, '192.168.1.11', '2026-05-22 23:04:22', NULL, '2026-05-22 23:04:22', '2026-05-22 23:04:22'),
(1819, 22, 'up', 'good', 0, 636, '192.168.1.3', '2026-05-22 23:04:42', NULL, '2026-05-22 23:04:42', '2026-05-22 23:04:42'),
(1820, 23, 'down', 'good', 0, NULL, '192.168.1.5', '2026-05-22 23:04:49', NULL, '2026-05-22 23:04:49', '2026-05-22 23:04:49'),
(1821, 25, 'up', 'good', 0, 165, '192.168.1.8', '2026-05-22 23:04:50', NULL, '2026-05-22 23:04:50', '2026-05-22 23:04:50'),
(1822, 26, 'up', 'good', 0, 22, '192.168.1.11', '2026-05-22 23:04:53', NULL, '2026-05-22 23:04:53', '2026-05-22 23:04:53'),
(1823, 22, 'up', 'good', 0, 484, '192.168.1.3', '2026-05-22 23:05:11', NULL, '2026-05-22 23:05:11', '2026-05-22 23:05:11'),
(1824, 23, 'down', 'good', 0, NULL, '192.168.1.5', '2026-05-22 23:05:19', NULL, '2026-05-22 23:05:19', '2026-05-22 23:05:19'),
(1825, 25, 'up', 'good', 0, 20, '192.168.1.8', '2026-05-22 23:05:19', NULL, '2026-05-22 23:05:19', '2026-05-22 23:05:19'),
(1826, 26, 'up', 'good', 0, 14, '192.168.1.11', '2026-05-22 23:05:20', NULL, '2026-05-22 23:05:20', '2026-05-22 23:05:20'),
(1827, 22, 'up', 'good', 0, 740, '192.168.1.3', '2026-05-22 23:05:42', NULL, '2026-05-22 23:05:42', '2026-05-22 23:05:42'),
(1828, 23, 'down', 'good', 0, NULL, '192.168.1.5', '2026-05-22 23:05:50', NULL, '2026-05-22 23:05:50', '2026-05-22 23:05:50'),
(1829, 25, 'up', 'good', 0, 7, '192.168.1.8', '2026-05-22 23:05:50', NULL, '2026-05-22 23:05:50', '2026-05-22 23:05:50'),
(1830, 26, 'up', 'good', 0, 143, '192.168.1.11', '2026-05-22 23:05:51', NULL, '2026-05-22 23:05:51', '2026-05-22 23:05:51'),
(1831, 22, 'up', 'good', 0, 924, '192.168.1.3', '2026-05-22 23:06:13', NULL, '2026-05-22 23:06:13', '2026-05-22 23:06:13'),
(1832, 23, 'up', 'good', 0, 6, '192.168.1.5', '2026-05-22 23:06:17', NULL, '2026-05-22 23:06:17', '2026-05-22 23:06:17'),
(1833, 25, 'up', 'good', 0, 472, '192.168.1.8', '2026-05-22 23:06:22', NULL, '2026-05-22 23:06:22', '2026-05-22 23:06:22'),
(1834, 26, 'up', 'good', 0, 5, '192.168.1.11', '2026-05-22 23:06:22', NULL, '2026-05-22 23:06:22', '2026-05-22 23:06:22'),
(1835, 22, 'down', 'good', 0, NULL, '192.168.1.3', '2026-05-22 23:06:46', NULL, '2026-05-22 23:06:46', '2026-05-22 23:06:46'),
(1836, 23, 'up', 'good', 0, 4, '192.168.1.5', '2026-05-22 23:06:49', NULL, '2026-05-22 23:06:49', '2026-05-22 23:06:49'),
(1837, 25, 'up', 'good', 0, 165, '192.168.1.8', '2026-05-22 23:06:50', NULL, '2026-05-22 23:06:50', '2026-05-22 23:06:50'),
(1838, 26, 'up', 'good', 0, 4, '192.168.1.11', '2026-05-22 23:06:51', NULL, '2026-05-22 23:06:51', '2026-05-22 23:06:51'),
(1839, 22, 'down', 'good', 0, NULL, '192.168.1.3', '2026-05-22 23:07:17', NULL, '2026-05-22 23:07:17', '2026-05-22 23:07:17'),
(1840, 23, 'up', 'good', 0, 33, '192.168.1.5', '2026-05-22 23:07:18', NULL, '2026-05-22 23:07:18', '2026-05-22 23:07:18'),
(1841, 25, 'up', 'good', 0, 353, '192.168.1.8', '2026-05-22 23:07:22', NULL, '2026-05-22 23:07:22', '2026-05-22 23:07:22'),
(1842, 26, 'up', 'good', 0, 6, '192.168.1.11', '2026-05-22 23:07:24', NULL, '2026-05-22 23:07:24', '2026-05-22 23:07:24'),
(1843, 22, 'up', 'good', 0, 880, '192.168.1.3', '2026-05-22 23:09:30', NULL, '2026-05-22 23:09:30', '2026-05-22 23:09:30'),
(1844, 23, 'up', 'good', 0, 26, '192.168.1.5', '2026-05-22 23:09:33', NULL, '2026-05-22 23:09:33', '2026-05-22 23:09:33'),
(1845, 25, 'up', 'good', 0, 205, '192.168.1.8', '2026-05-22 23:09:34', NULL, '2026-05-22 23:09:34', '2026-05-22 23:09:34'),
(1846, 26, 'up', 'good', 0, 71, '192.168.1.11', '2026-05-22 23:09:37', NULL, '2026-05-22 23:09:37', '2026-05-22 23:09:37'),
(1847, 22, 'up', 'good', 0, 825, '192.168.1.3', '2026-05-22 23:09:42', NULL, '2026-05-22 23:09:42', '2026-05-22 23:09:42'),
(1848, 23, 'up', 'good', 0, 54, '192.168.1.5', '2026-05-22 23:09:44', NULL, '2026-05-22 23:09:44', '2026-05-22 23:09:44'),
(1849, 25, 'up', 'good', 0, 153, '192.168.1.8', '2026-05-22 23:09:47', NULL, '2026-05-22 23:09:47', '2026-05-22 23:09:47'),
(1850, 26, 'up', 'good', 0, 27, '192.168.1.11', '2026-05-22 23:09:48', NULL, '2026-05-22 23:09:48', '2026-05-22 23:09:48'),
(1851, 22, 'up', 'good', 0, 977, '192.168.1.3', '2026-05-22 23:10:25', NULL, '2026-05-22 23:10:25', '2026-05-22 23:10:25'),
(1852, 23, 'up', 'good', 0, 116, '192.168.1.5', '2026-05-22 23:10:26', NULL, '2026-05-22 23:10:26', '2026-05-22 23:10:26'),
(1853, 25, 'up', 'good', 0, 216, '192.168.1.8', '2026-05-22 23:10:27', NULL, '2026-05-22 23:10:27', '2026-05-22 23:10:27'),
(1854, 26, 'up', 'good', 0, 134, '192.168.1.11', '2026-05-22 23:10:29', NULL, '2026-05-22 23:10:29', '2026-05-22 23:10:29'),
(1855, 22, 'up', 'good', 0, 552, '192.168.1.3', '2026-05-22 23:10:50', NULL, '2026-05-22 23:10:50', '2026-05-22 23:10:50'),
(1856, 23, 'up', 'good', 0, 714, '192.168.1.5', '2026-05-22 23:10:54', NULL, '2026-05-22 23:10:54', '2026-05-22 23:10:54'),
(1857, 25, 'up', 'good', 0, 593, '192.168.1.8', '2026-05-22 23:10:57', NULL, '2026-05-22 23:10:57', '2026-05-22 23:10:57'),
(1858, 26, 'up', 'good', 0, 109, '192.168.1.11', '2026-05-22 23:10:58', NULL, '2026-05-22 23:10:58', '2026-05-22 23:10:58'),
(1859, 22, 'up', 'good', 0, 1096, '192.168.1.3', '2026-05-22 23:11:22', NULL, '2026-05-22 23:11:22', '2026-05-22 23:11:22'),
(1860, 23, 'up', 'good', 0, 7, '192.168.1.5', '2026-05-22 23:11:23', NULL, '2026-05-22 23:11:23', '2026-05-22 23:11:23'),
(1861, 25, 'up', 'good', 0, 27, '192.168.1.8', '2026-05-22 23:11:23', NULL, '2026-05-22 23:11:23', '2026-05-22 23:11:23'),
(1862, 26, 'up', 'good', 0, 5, '192.168.1.11', '2026-05-22 23:11:24', NULL, '2026-05-22 23:11:24', '2026-05-22 23:11:24'),
(1863, 22, 'up', 'good', 0, 843, '192.168.1.3', '2026-05-22 23:11:53', NULL, '2026-05-22 23:11:53', '2026-05-22 23:11:53'),
(1864, 23, 'up', 'good', 0, 6, '192.168.1.5', '2026-05-22 23:11:54', NULL, '2026-05-22 23:11:54', '2026-05-22 23:11:54'),
(1865, 25, 'up', 'good', 0, 135, '192.168.1.8', '2026-05-22 23:11:55', NULL, '2026-05-22 23:11:55', '2026-05-22 23:11:55'),
(1866, 26, 'up', 'good', 0, 244, '192.168.1.11', '2026-05-22 23:11:56', NULL, '2026-05-22 23:11:56', '2026-05-22 23:11:56'),
(1867, 22, 'down', 'good', 0, NULL, '192.168.1.3', '2026-05-22 23:12:25', NULL, '2026-05-22 23:12:25', '2026-05-22 23:12:25'),
(1868, 23, 'up', 'good', 0, 7, '192.168.1.5', '2026-05-22 23:12:29', NULL, '2026-05-22 23:12:29', '2026-05-22 23:12:29'),
(1869, 25, 'up', 'good', 0, 79, '192.168.1.8', '2026-05-22 23:12:30', NULL, '2026-05-22 23:12:30', '2026-05-22 23:12:30'),
(1870, 26, 'up', 'good', 0, 4, '192.168.1.11', '2026-05-22 23:12:30', NULL, '2026-05-22 23:12:30', '2026-05-22 23:12:30'),
(1871, 22, 'down', 'good', 0, NULL, '192.168.1.3', '2026-05-22 23:12:55', NULL, '2026-05-22 23:12:55', '2026-05-22 23:12:55'),
(1872, 23, 'up', 'good', 0, 42, '192.168.1.5', '2026-05-22 23:12:56', NULL, '2026-05-22 23:12:56', '2026-05-22 23:12:56'),
(1873, 25, 'up', 'good', 0, 188, '192.168.1.8', '2026-05-22 23:12:57', NULL, '2026-05-22 23:12:57', '2026-05-22 23:12:57'),
(1874, 26, 'up', 'good', 0, 20, '192.168.1.11', '2026-05-22 23:12:58', NULL, '2026-05-22 23:12:58', '2026-05-22 23:12:58'),
(1875, 22, 'down', 'good', 0, NULL, '192.168.1.3', '2026-05-22 23:13:25', NULL, '2026-05-22 23:13:25', '2026-05-22 23:13:25'),
(1876, 23, 'up', 'good', 0, 12, '192.168.1.5', '2026-05-22 23:13:26', NULL, '2026-05-22 23:13:26', '2026-05-22 23:13:26'),
(1877, 25, 'up', 'good', 0, 317, '192.168.1.8', '2026-05-22 23:13:28', NULL, '2026-05-22 23:13:28', '2026-05-22 23:13:28'),
(1878, 26, 'up', 'good', 0, 34, '192.168.1.11', '2026-05-22 23:13:28', NULL, '2026-05-22 23:13:28', '2026-05-22 23:13:28'),
(1879, 22, 'down', 'good', 0, NULL, '192.168.1.3', '2026-05-22 23:14:14', NULL, '2026-05-22 23:14:14', '2026-05-22 23:14:14'),
(1880, 23, 'up', 'good', 0, 19, '192.168.1.5', '2026-05-22 23:14:15', NULL, '2026-05-22 23:14:15', '2026-05-22 23:14:15'),
(1881, 25, 'up', 'good', 0, 217, '192.168.1.8', '2026-05-22 23:14:16', NULL, '2026-05-22 23:14:16', '2026-05-22 23:14:16'),
(1882, 26, 'up', 'good', 0, 25, '192.168.1.11', '2026-05-22 23:14:17', NULL, '2026-05-22 23:14:17', '2026-05-22 23:14:17'),
(1883, 22, 'down', 'good', 0, NULL, '192.168.1.3', '2026-05-22 23:14:33', NULL, '2026-05-22 23:14:33', '2026-05-22 23:14:33'),
(1884, 23, 'up', 'good', 0, 26, '192.168.1.5', '2026-05-22 23:14:33', NULL, '2026-05-22 23:14:33', '2026-05-22 23:14:33'),
(1885, 25, 'up', 'good', 0, 132, '192.168.1.8', '2026-05-22 23:14:35', NULL, '2026-05-22 23:14:35', '2026-05-22 23:14:35'),
(1886, 26, 'up', 'good', 0, 95, '192.168.1.11', '2026-05-22 23:14:36', NULL, '2026-05-22 23:14:36', '2026-05-22 23:14:36'),
(1887, 22, 'down', 'good', 0, NULL, '192.168.1.3', '2026-05-22 23:14:44', NULL, '2026-05-22 23:14:44', '2026-05-22 23:14:44'),
(1888, 23, 'up', 'good', 0, 6, '192.168.1.5', '2026-05-22 23:14:45', NULL, '2026-05-22 23:14:45', '2026-05-22 23:14:45'),
(1889, 25, 'up', 'good', 0, 219, '192.168.1.8', '2026-05-22 23:14:46', NULL, '2026-05-22 23:14:46', '2026-05-22 23:14:46'),
(1890, 26, 'up', 'good', 0, 13, '192.168.1.11', '2026-05-22 23:14:47', NULL, '2026-05-22 23:14:47', '2026-05-22 23:14:47'),
(1891, 22, 'down', 'good', 0, NULL, '192.168.1.3', '2026-05-22 23:15:17', NULL, '2026-05-22 23:15:17', '2026-05-22 23:15:17'),
(1892, 23, 'up', 'good', 0, 134, '192.168.1.5', '2026-05-22 23:15:18', NULL, '2026-05-22 23:15:18', '2026-05-22 23:15:18'),
(1893, 25, 'up', 'good', 0, 263, '192.168.1.8', '2026-05-22 23:15:20', NULL, '2026-05-22 23:15:20', '2026-05-22 23:15:20'),
(1894, 26, 'up', 'good', 0, 4, '192.168.1.11', '2026-05-22 23:15:20', NULL, '2026-05-22 23:15:20', '2026-05-22 23:15:20'),
(1895, 22, 'down', 'good', 0, NULL, '192.168.1.3', '2026-05-22 23:15:45', NULL, '2026-05-22 23:15:45', '2026-05-22 23:15:45'),
(1896, 23, 'up', 'good', 0, 331, '192.168.1.5', '2026-05-22 23:15:47', NULL, '2026-05-22 23:15:47', '2026-05-22 23:15:47'),
(1897, 25, 'up', 'good', 0, 196, '192.168.1.8', '2026-05-22 23:15:49', NULL, '2026-05-22 23:15:49', '2026-05-22 23:15:49'),
(1898, 26, 'up', 'good', 0, 35, '192.168.1.11', '2026-05-22 23:15:49', NULL, '2026-05-22 23:15:49', '2026-05-22 23:15:49'),
(1899, 22, 'down', 'good', 0, NULL, '192.168.1.3', '2026-05-22 23:16:16', NULL, '2026-05-22 23:16:16', '2026-05-22 23:16:16'),
(1900, 23, 'up', 'good', 0, 114, '192.168.1.5', '2026-05-22 23:16:17', NULL, '2026-05-22 23:16:17', '2026-05-22 23:16:17'),
(1901, 25, 'up', 'good', 0, 217, '192.168.1.8', '2026-05-22 23:16:18', NULL, '2026-05-22 23:16:18', '2026-05-22 23:16:18'),
(1902, 26, 'up', 'good', 0, 39, '192.168.1.11', '2026-05-22 23:16:19', NULL, '2026-05-22 23:16:19', '2026-05-22 23:16:19'),
(1903, 22, 'down', 'good', 0, NULL, '192.168.1.3', '2026-05-22 23:16:45', NULL, '2026-05-22 23:16:45', '2026-05-22 23:16:45'),
(1904, 23, 'up', 'good', 0, 7, '192.168.1.5', '2026-05-22 23:16:46', NULL, '2026-05-22 23:16:46', '2026-05-22 23:16:46'),
(1905, 25, 'up', 'good', 0, 185, '192.168.1.8', '2026-05-22 23:16:47', NULL, '2026-05-22 23:16:47', '2026-05-22 23:16:47'),
(1906, 26, 'up', 'good', 0, 4, '192.168.1.11', '2026-05-22 23:16:48', NULL, '2026-05-22 23:16:48', '2026-05-22 23:16:48'),
(1907, 22, 'down', 'good', 0, NULL, '192.168.1.3', '2026-05-22 23:17:15', NULL, '2026-05-22 23:17:15', '2026-05-22 23:17:15'),
(1908, 23, 'up', 'good', 0, 5, '192.168.1.5', '2026-05-22 23:17:16', NULL, '2026-05-22 23:17:16', '2026-05-22 23:17:16'),
(1909, 25, 'up', 'good', 0, 186, '192.168.1.8', '2026-05-22 23:17:17', NULL, '2026-05-22 23:17:17', '2026-05-22 23:17:17'),
(1910, 26, 'up', 'good', 0, 12, '192.168.1.11', '2026-05-22 23:17:18', NULL, '2026-05-22 23:17:18', '2026-05-22 23:17:18'),
(1911, 22, 'down', 'good', 0, NULL, '192.168.1.3', '2026-05-22 23:23:27', NULL, '2026-05-22 23:23:27', '2026-05-22 23:23:27'),
(1912, 23, 'up', 'good', 0, 4, '192.168.1.5', '2026-05-22 23:23:28', NULL, '2026-05-22 23:23:28', '2026-05-22 23:23:28'),
(1913, 25, 'down', 'good', 0, NULL, '192.168.1.8', '2026-05-22 23:23:36', NULL, '2026-05-22 23:23:36', '2026-05-22 23:23:36'),
(1914, 26, 'up', 'good', 0, 36, '192.168.1.11', '2026-05-22 23:23:39', NULL, '2026-05-22 23:23:39', '2026-05-22 23:23:39'),
(1915, 22, 'down', 'good', 0, NULL, '192.168.1.3', '2026-05-22 23:24:15', NULL, '2026-05-22 23:24:15', '2026-05-22 23:24:15'),
(1916, 23, 'up', 'good', 0, 47, '192.168.1.5', '2026-05-22 23:24:16', NULL, '2026-05-22 23:24:16', '2026-05-22 23:24:16'),
(1917, 25, 'up', 'good', 0, 990, '192.168.1.8', '2026-05-22 23:24:22', NULL, '2026-05-22 23:24:22', '2026-05-22 23:24:22'),
(1918, 26, 'up', 'good', 0, 35, '192.168.1.11', '2026-05-22 23:24:25', NULL, '2026-05-22 23:24:25', '2026-05-22 23:24:25'),
(1919, 22, 'down', 'good', 0, NULL, '192.168.1.3', '2026-05-22 23:25:14', NULL, '2026-05-22 23:25:14', '2026-05-22 23:25:14'),
(1920, 23, 'up', 'good', 0, 6, '192.168.1.5', '2026-05-22 23:25:15', NULL, '2026-05-22 23:25:15', '2026-05-22 23:25:15'),
(1921, 25, 'up', 'good', 0, 1000, '192.168.1.8', '2026-05-22 23:25:21', NULL, '2026-05-22 23:25:21', '2026-05-22 23:25:21'),
(1922, 26, 'up', 'good', 0, 7, '192.168.1.11', '2026-05-22 23:25:21', NULL, '2026-05-22 23:25:21', '2026-05-22 23:25:21'),
(1923, 22, 'down', 'good', 0, NULL, '192.168.1.3', '2026-05-22 23:26:14', NULL, '2026-05-22 23:26:14', '2026-05-22 23:26:14'),
(1924, 23, 'up', 'good', 0, 9, '192.168.1.5', '2026-05-22 23:26:15', NULL, '2026-05-22 23:26:15', '2026-05-22 23:26:15'),
(1925, 25, 'up', 'good', 0, 1003, '192.168.1.8', '2026-05-22 23:26:21', NULL, '2026-05-22 23:26:21', '2026-05-22 23:26:21'),
(1926, 26, 'up', 'good', 0, 5, '192.168.1.11', '2026-05-22 23:26:21', NULL, '2026-05-22 23:26:21', '2026-05-22 23:26:21'),
(1927, 22, 'down', 'good', 0, NULL, '192.168.1.3', '2026-05-22 23:27:14', NULL, '2026-05-22 23:27:14', '2026-05-22 23:27:14'),
(1928, 23, 'up', 'good', 0, 123, '192.168.1.5', '2026-05-22 23:27:15', NULL, '2026-05-22 23:27:15', '2026-05-22 23:27:15'),
(1929, 25, 'up', 'good', 0, 998, '192.168.1.8', '2026-05-22 23:27:21', NULL, '2026-05-22 23:27:21', '2026-05-22 23:27:21'),
(1930, 26, 'up', 'good', 0, 68, '192.168.1.11', '2026-05-22 23:27:24', NULL, '2026-05-22 23:27:24', '2026-05-22 23:27:24'),
(1931, 22, 'up', 'good', 0, 1011, '192.168.1.3', '2026-05-25 19:35:21', NULL, '2026-05-25 19:35:21', '2026-05-25 19:35:21'),
(1932, 23, 'up', 'good', 0, 995, '192.168.1.5', '2026-05-25 19:35:32', NULL, '2026-05-25 19:35:32', '2026-05-25 19:35:32'),
(1933, 25, 'up', 'good', 0, 230, '192.168.1.8', '2026-05-25 19:35:36', NULL, '2026-05-25 19:35:36', '2026-05-25 19:35:36'),
(1934, 26, 'up', 'good', 0, 996, '192.168.1.11', '2026-05-25 19:35:47', NULL, '2026-05-25 19:35:47', '2026-05-25 19:35:47'),
(1935, 22, 'up', 'good', 0, 997, '192.168.1.3', '2026-05-25 19:36:18', NULL, '2026-05-25 19:36:18', '2026-05-25 19:36:18'),
(1936, 23, 'up', 'good', 0, 1000, '192.168.1.5', '2026-05-25 19:36:27', NULL, '2026-05-25 19:36:27', '2026-05-25 19:36:27'),
(1937, 25, 'up', 'good', 0, 661, '192.168.1.8', '2026-05-25 19:36:31', NULL, '2026-05-25 19:36:31', '2026-05-25 19:36:31'),
(1938, 26, 'up', 'good', 0, 995, '192.168.1.11', '2026-05-25 19:36:37', NULL, '2026-05-25 19:36:37', '2026-05-25 19:36:37'),
(1939, 22, 'up', 'good', 0, 1006, '192.168.1.3', '2026-05-25 19:36:48', NULL, '2026-05-25 19:36:48', '2026-05-25 19:36:48'),
(1940, 23, 'up', 'good', 0, 997, '192.168.1.5', '2026-05-25 19:36:54', NULL, '2026-05-25 19:36:54', '2026-05-25 19:36:54'),
(1941, 25, 'up', 'good', 0, 17, '192.168.1.8', '2026-05-25 19:36:55', NULL, '2026-05-25 19:36:55', '2026-05-25 19:36:55'),
(1942, 26, 'up', 'good', 0, 1009, '192.168.1.11', '2026-05-25 19:37:03', NULL, '2026-05-25 19:37:03', '2026-05-25 19:37:03'),
(1943, 22, 'up', 'good', 0, 1003, '192.168.1.3', '2026-05-25 19:37:18', NULL, '2026-05-25 19:37:18', '2026-05-25 19:37:18'),
(1944, 23, 'up', 'good', 0, 1002, '192.168.1.5', '2026-05-25 19:37:24', NULL, '2026-05-25 19:37:24', '2026-05-25 19:37:24'),
(1945, 25, 'up', 'good', 0, 8, '192.168.1.8', '2026-05-25 19:37:26', NULL, '2026-05-25 19:37:26', '2026-05-25 19:37:26'),
(1946, 26, 'up', 'good', 0, 1008, '192.168.1.11', '2026-05-25 19:37:32', NULL, '2026-05-25 19:37:32', '2026-05-25 19:37:32'),
(1947, 22, 'up', 'good', 0, 997, '192.168.1.3', '2026-05-25 19:37:48', NULL, '2026-05-25 19:37:48', '2026-05-25 19:37:48'),
(1948, 23, 'up', 'good', 0, 986, '192.168.1.5', '2026-05-25 19:37:54', NULL, '2026-05-25 19:37:54', '2026-05-25 19:37:54'),
(1949, 25, 'up', 'good', 0, 10, '192.168.1.8', '2026-05-25 19:37:55', NULL, '2026-05-25 19:37:55', '2026-05-25 19:37:55'),
(1950, 26, 'up', 'good', 0, 993, '192.168.1.11', '2026-05-25 19:38:00', NULL, '2026-05-25 19:38:00', '2026-05-25 19:38:00'),
(1951, 22, 'up', 'good', 0, 999, '192.168.1.3', '2026-05-25 19:38:26', NULL, '2026-05-25 19:38:26', '2026-05-25 19:38:26'),
(1952, 23, 'up', 'good', 0, 999, '192.168.1.5', '2026-05-25 19:38:32', NULL, '2026-05-25 19:38:32', '2026-05-25 19:38:32'),
(1953, 25, 'up', 'good', 0, 4, '192.168.1.8', '2026-05-25 19:38:32', NULL, '2026-05-25 19:38:32', '2026-05-25 19:38:32'),
(1954, 26, 'up', 'good', 0, 1008, '192.168.1.11', '2026-05-25 19:38:38', NULL, '2026-05-25 19:38:38', '2026-05-25 19:38:38'),
(1955, 22, 'up', 'good', 0, 1004, '192.168.1.3', '2026-05-25 19:38:47', NULL, '2026-05-25 19:38:47', '2026-05-25 19:38:47'),
(1956, 23, 'up', 'good', 0, 1001, '192.168.1.5', '2026-05-25 19:38:53', NULL, '2026-05-25 19:38:53', '2026-05-25 19:38:53'),
(1957, 25, 'up', 'good', 0, 32, '192.168.1.8', '2026-05-25 19:38:54', NULL, '2026-05-25 19:38:54', '2026-05-25 19:38:54'),
(1958, 26, 'up', 'good', 0, 1016, '192.168.1.11', '2026-05-25 19:39:00', NULL, '2026-05-25 19:39:00', '2026-05-25 19:39:00'),
(1959, 22, 'up', 'good', 0, 987, '192.168.1.3', '2026-05-25 19:39:17', NULL, '2026-05-25 19:39:17', '2026-05-25 19:39:17'),
(1960, 23, 'up', 'good', 0, 1007, '192.168.1.5', '2026-05-25 19:39:23', NULL, '2026-05-25 19:39:23', '2026-05-25 19:39:23'),
(1961, 25, 'up', 'good', 0, 71, '192.168.1.8', '2026-05-25 19:39:24', NULL, '2026-05-25 19:39:24', '2026-05-25 19:39:24'),
(1962, 26, 'up', 'good', 0, 1022, '192.168.1.11', '2026-05-25 19:39:30', NULL, '2026-05-25 19:39:30', '2026-05-25 19:39:30'),
(1963, 22, 'up', 'good', 0, 1002, '192.168.1.3', '2026-05-25 19:39:48', NULL, '2026-05-25 19:39:48', '2026-05-25 19:39:48'),
(1964, 23, 'up', 'good', 0, 997, '192.168.1.5', '2026-05-25 19:39:54', NULL, '2026-05-25 19:39:54', '2026-05-25 19:39:54'),
(1965, 25, 'up', 'good', 0, 16, '192.168.1.8', '2026-05-25 19:39:55', NULL, '2026-05-25 19:39:55', '2026-05-25 19:39:55'),
(1966, 26, 'up', 'good', 0, 999, '192.168.1.11', '2026-05-25 19:40:01', NULL, '2026-05-25 19:40:01', '2026-05-25 19:40:01'),
(1967, 22, 'up', 'good', 0, 1001, '192.168.1.3', '2026-05-25 19:40:18', NULL, '2026-05-25 19:40:18', '2026-05-25 19:40:18'),
(1968, 23, 'up', 'good', 0, 1497, '192.168.1.5', '2026-05-25 19:40:30', NULL, '2026-05-25 19:40:30', '2026-05-25 19:40:30'),
(1969, 25, 'up', 'good', 0, 151, '192.168.1.8', '2026-05-25 19:40:34', NULL, '2026-05-25 19:40:34', '2026-05-25 19:40:34'),
(1970, 26, 'up', 'good', 0, 764, '192.168.1.11', '2026-05-25 19:40:43', NULL, '2026-05-25 19:40:43', '2026-05-25 19:40:43'),
(1971, 22, 'up', 'good', 0, 997, '192.168.1.3', '2026-05-25 19:41:19', NULL, '2026-05-25 19:41:19', '2026-05-25 19:41:19'),
(1972, 23, 'up', 'good', 0, 998, '192.168.1.5', '2026-05-25 19:41:25', NULL, '2026-05-25 19:41:25', '2026-05-25 19:41:25'),
(1973, 25, 'up', 'good', 0, 21, '192.168.1.8', '2026-05-25 19:41:25', NULL, '2026-05-25 19:41:25', '2026-05-25 19:41:25'),
(1974, 26, 'up', 'good', 0, 990, '192.168.1.11', '2026-05-25 19:41:31', NULL, '2026-05-25 19:41:31', '2026-05-25 19:41:31'),
(1975, 22, 'up', 'good', 0, 1004, '192.168.1.3', '2026-05-25 19:42:13', NULL, '2026-05-25 19:42:13', '2026-05-25 19:42:13'),
(1976, 23, 'up', 'good', 0, 995, '192.168.1.5', '2026-05-25 19:42:19', NULL, '2026-05-25 19:42:19', '2026-05-25 19:42:19'),
(1977, 25, 'up', 'good', 0, 201, '192.168.1.8', '2026-05-25 19:42:22', NULL, '2026-05-25 19:42:22', '2026-05-25 19:42:22'),
(1978, 26, 'up', 'good', 0, 1001, '192.168.1.11', '2026-05-25 19:42:28', NULL, '2026-05-25 19:42:28', '2026-05-25 19:42:28'),
(1979, 22, 'up', 'good', 0, 1010, '192.168.1.3', '2026-05-25 19:43:13', NULL, '2026-05-25 19:43:13', '2026-05-25 19:43:13'),
(1980, 23, 'up', 'good', 0, 1007, '192.168.1.5', '2026-05-25 19:43:19', NULL, '2026-05-25 19:43:19', '2026-05-25 19:43:19'),
(1981, 25, 'up', 'good', 0, 14, '192.168.1.8', '2026-05-25 19:43:20', NULL, '2026-05-25 19:43:20', '2026-05-25 19:43:20'),
(1982, 26, 'up', 'good', 0, 1018, '192.168.1.11', '2026-05-25 19:43:25', NULL, '2026-05-25 19:43:25', '2026-05-25 19:43:25'),
(1983, 22, 'up', 'good', 0, 1145, '192.168.1.3', '2026-05-25 19:44:49', NULL, '2026-05-25 19:44:49', '2026-05-25 19:44:49'),
(1984, 23, 'up', 'good', 0, 1236, '192.168.1.5', '2026-05-25 19:44:55', NULL, '2026-05-25 19:44:55', '2026-05-25 19:44:55'),
(1985, 25, 'up', 'good', 0, 46, '192.168.1.8', '2026-05-25 19:44:56', NULL, '2026-05-25 19:44:56', '2026-05-25 19:44:56'),
(1986, 26, 'up', 'good', 0, 1216, '192.168.1.11', '2026-05-25 19:45:02', NULL, '2026-05-25 19:45:02', '2026-05-25 19:45:02'),
(1987, 22, 'up', 'good', 0, 999, '192.168.1.3', '2026-05-25 19:45:19', NULL, '2026-05-25 19:45:19', '2026-05-25 19:45:19'),
(1988, 23, 'up', 'good', 0, 998, '192.168.1.5', '2026-05-25 19:45:25', NULL, '2026-05-25 19:45:25', '2026-05-25 19:45:25'),
(1989, 25, 'up', 'good', 0, 31, '192.168.1.8', '2026-05-25 19:45:25', NULL, '2026-05-25 19:45:25', '2026-05-25 19:45:25'),
(1990, 26, 'up', 'good', 0, 1001, '192.168.1.11', '2026-05-25 19:45:31', NULL, '2026-05-25 19:45:31', '2026-05-25 19:45:31'),
(1991, 22, 'up', 'good', 0, 997, '192.168.1.3', '2026-05-25 19:45:48', NULL, '2026-05-25 19:45:48', '2026-05-25 19:45:48'),
(1992, 23, 'up', 'good', 0, 1002, '192.168.1.5', '2026-05-25 19:45:54', NULL, '2026-05-25 19:45:54', '2026-05-25 19:45:54'),
(1993, 25, 'up', 'good', 0, 30, '192.168.1.8', '2026-05-25 19:45:55', NULL, '2026-05-25 19:45:55', '2026-05-25 19:45:55'),
(1994, 26, 'up', 'good', 0, 994, '192.168.1.11', '2026-05-25 19:46:01', NULL, '2026-05-25 19:46:01', '2026-05-25 19:46:01'),
(1995, 22, 'up', 'good', 0, 1004, '192.168.1.3', '2026-05-25 19:46:18', NULL, '2026-05-25 19:46:18', '2026-05-25 19:46:18'),
(1996, 23, 'up', 'good', 0, 1007, '192.168.1.5', '2026-05-25 19:46:24', NULL, '2026-05-25 19:46:24', '2026-05-25 19:46:24'),
(1997, 25, 'up', 'good', 0, 148, '192.168.1.8', '2026-05-25 19:46:25', NULL, '2026-05-25 19:46:25', '2026-05-25 19:46:25'),
(1998, 26, 'up', 'good', 0, 1001, '192.168.1.11', '2026-05-25 19:46:31', NULL, '2026-05-25 19:46:31', '2026-05-25 19:46:31'),
(1999, 22, 'up', 'good', 0, 996, '192.168.1.3', '2026-05-25 19:46:48', NULL, '2026-05-25 19:46:48', '2026-05-25 19:46:48'),
(2000, 23, 'up', 'good', 0, 996, '192.168.1.5', '2026-05-25 19:46:54', NULL, '2026-05-25 19:46:54', '2026-05-25 19:46:54'),
(2001, 25, 'up', 'good', 0, 212, '192.168.1.8', '2026-05-25 19:46:56', NULL, '2026-05-25 19:46:56', '2026-05-25 19:46:56'),
(2002, 26, 'up', 'good', 0, 1008, '192.168.1.11', '2026-05-25 19:47:01', NULL, '2026-05-25 19:47:01', '2026-05-25 19:47:01'),
(2003, 22, 'up', 'good', 0, 1005, '192.168.1.3', '2026-05-25 19:47:17', NULL, '2026-05-25 19:47:17', '2026-05-25 19:47:17'),
(2004, 23, 'up', 'good', 0, 1002, '192.168.1.5', '2026-05-25 19:47:23', NULL, '2026-05-25 19:47:23', '2026-05-25 19:47:23'),
(2005, 25, 'up', 'good', 0, 34, '192.168.1.8', '2026-05-25 19:47:24', NULL, '2026-05-25 19:47:24', '2026-05-25 19:47:24'),
(2006, 26, 'up', 'good', 0, 996, '192.168.1.11', '2026-05-25 19:47:30', NULL, '2026-05-25 19:47:30', '2026-05-25 19:47:30'),
(2007, 22, 'up', 'good', 0, 1000, '192.168.1.3', '2026-05-25 19:47:47', NULL, '2026-05-25 19:47:47', '2026-05-25 19:47:47'),
(2008, 23, 'up', 'good', 0, 1008, '192.168.1.5', '2026-05-25 19:47:53', NULL, '2026-05-25 19:47:53', '2026-05-25 19:47:53'),
(2009, 25, 'up', 'good', 0, 18, '192.168.1.8', '2026-05-25 19:47:54', NULL, '2026-05-25 19:47:54', '2026-05-25 19:47:54'),
(2010, 26, 'up', 'good', 0, 1003, '192.168.1.11', '2026-05-25 19:48:00', NULL, '2026-05-25 19:48:00', '2026-05-25 19:48:00'),
(2011, 22, 'up', 'good', 0, 1006, '192.168.1.3', '2026-05-25 19:48:18', NULL, '2026-05-25 19:48:18', '2026-05-25 19:48:18'),
(2012, 23, 'up', 'good', 0, 993, '192.168.1.5', '2026-05-25 19:48:24', NULL, '2026-05-25 19:48:24', '2026-05-25 19:48:24'),
(2013, 25, 'up', 'good', 0, 22, '192.168.1.8', '2026-05-25 19:48:24', NULL, '2026-05-25 19:48:24', '2026-05-25 19:48:24'),
(2014, 26, 'up', 'good', 0, 1014, '192.168.1.11', '2026-05-25 19:48:30', NULL, '2026-05-25 19:48:30', '2026-05-25 19:48:30'),
(2015, 22, 'up', 'good', 0, 1000, '192.168.1.3', '2026-05-25 19:48:48', NULL, '2026-05-25 19:48:48', '2026-05-25 19:48:48'),
(2016, 23, 'up', 'good', 0, 1009, '192.168.1.5', '2026-05-25 19:48:54', NULL, '2026-05-25 19:48:54', '2026-05-25 19:48:54'),
(2017, 25, 'up', 'good', 0, 38, '192.168.1.8', '2026-05-25 19:48:54', NULL, '2026-05-25 19:48:54', '2026-05-25 19:48:54'),
(2018, 26, 'up', 'good', 0, 992, '192.168.1.11', '2026-05-25 19:49:00', NULL, '2026-05-25 19:49:00', '2026-05-25 19:49:00'),
(2019, 22, 'up', 'good', 0, 994, '192.168.1.3', '2026-05-25 19:49:17', NULL, '2026-05-25 19:49:17', '2026-05-25 19:49:17'),
(2020, 23, 'up', 'good', 0, 1010, '192.168.1.5', '2026-05-25 19:49:23', NULL, '2026-05-25 19:49:23', '2026-05-25 19:49:23'),
(2021, 25, 'up', 'good', 0, 4, '192.168.1.8', '2026-05-25 19:49:24', NULL, '2026-05-25 19:49:24', '2026-05-25 19:49:24'),
(2022, 26, 'up', 'good', 0, 999, '192.168.1.11', '2026-05-25 19:49:30', NULL, '2026-05-25 19:49:30', '2026-05-25 19:49:30'),
(2023, 22, 'up', 'good', 0, 1011, '192.168.1.3', '2026-05-25 19:49:48', NULL, '2026-05-25 19:49:48', '2026-05-25 19:49:48'),
(2024, 23, 'up', 'good', 0, 997, '192.168.1.5', '2026-05-25 19:49:54', NULL, '2026-05-25 19:49:54', '2026-05-25 19:49:54'),
(2025, 25, 'up', 'good', 0, 13, '192.168.1.8', '2026-05-25 19:49:55', NULL, '2026-05-25 19:49:55', '2026-05-25 19:49:55'),
(2026, 26, 'up', 'good', 0, 919, '192.168.1.11', '2026-05-25 19:50:01', NULL, '2026-05-25 19:50:01', '2026-05-25 19:50:01'),
(2027, 22, 'up', 'good', 0, 1000, '192.168.1.3', '2026-05-25 19:50:18', NULL, '2026-05-25 19:50:18', '2026-05-25 19:50:18'),
(2028, 23, 'up', 'good', 0, 992, '192.168.1.5', '2026-05-25 19:50:24', NULL, '2026-05-25 19:50:24', '2026-05-25 19:50:24'),
(2029, 25, 'up', 'good', 0, 33, '192.168.1.8', '2026-05-25 19:50:25', NULL, '2026-05-25 19:50:25', '2026-05-25 19:50:25'),
(2030, 26, 'up', 'good', 0, 1000, '192.168.1.11', '2026-05-25 19:50:30', NULL, '2026-05-25 19:50:30', '2026-05-25 19:50:30'),
(2031, 22, 'up', 'good', 0, 996, '192.168.1.3', '2026-05-25 19:50:47', NULL, '2026-05-25 19:50:47', '2026-05-25 19:50:47'),
(2032, 23, 'up', 'good', 0, 1007, '192.168.1.5', '2026-05-25 19:50:53', NULL, '2026-05-25 19:50:53', '2026-05-25 19:50:53'),
(2033, 25, 'up', 'good', 0, 5, '192.168.1.8', '2026-05-25 19:50:54', NULL, '2026-05-25 19:50:54', '2026-05-25 19:50:54'),
(2034, 26, 'up', 'good', 0, 1001, '192.168.1.11', '2026-05-25 19:51:00', NULL, '2026-05-25 19:51:00', '2026-05-25 19:51:00'),
(2035, 22, 'up', 'good', 0, 1004, '192.168.1.3', '2026-05-25 19:51:17', NULL, '2026-05-25 19:51:17', '2026-05-25 19:51:17'),
(2036, 23, 'up', 'good', 0, 993, '192.168.1.5', '2026-05-25 19:51:23', NULL, '2026-05-25 19:51:23', '2026-05-25 19:51:23'),
(2037, 25, 'up', 'good', 0, 22, '192.168.1.8', '2026-05-25 19:51:24', NULL, '2026-05-25 19:51:24', '2026-05-25 19:51:24'),
(2038, 26, 'up', 'good', 0, 997, '192.168.1.11', '2026-05-25 19:51:30', NULL, '2026-05-25 19:51:30', '2026-05-25 19:51:30'),
(2039, 22, 'up', 'good', 0, 996, '192.168.1.3', '2026-05-25 19:51:47', NULL, '2026-05-25 19:51:47', '2026-05-25 19:51:47'),
(2040, 23, 'up', 'good', 0, 1003, '192.168.1.5', '2026-05-25 19:51:53', NULL, '2026-05-25 19:51:53', '2026-05-25 19:51:53'),
(2041, 25, 'up', 'good', 0, 25, '192.168.1.8', '2026-05-25 19:51:54', NULL, '2026-05-25 19:51:54', '2026-05-25 19:51:54'),
(2042, 26, 'up', 'good', 0, 1002, '192.168.1.11', '2026-05-25 19:52:00', NULL, '2026-05-25 19:52:00', '2026-05-25 19:52:00'),
(2043, 22, 'up', 'good', 0, 996, '192.168.1.3', '2026-05-25 19:52:17', NULL, '2026-05-25 19:52:17', '2026-05-25 19:52:17'),
(2044, 23, 'up', 'good', 0, 1003, '192.168.1.5', '2026-05-25 19:52:23', NULL, '2026-05-25 19:52:23', '2026-05-25 19:52:23'),
(2045, 25, 'up', 'good', 0, 4, '192.168.1.8', '2026-05-25 19:52:24', NULL, '2026-05-25 19:52:24', '2026-05-25 19:52:24'),
(2046, 26, 'up', 'good', 0, 1002, '192.168.1.11', '2026-05-25 19:52:29', NULL, '2026-05-25 19:52:29', '2026-05-25 19:52:29'),
(2047, 22, 'up', 'good', 0, 1001, '192.168.1.3', '2026-05-25 19:52:48', NULL, '2026-05-25 19:52:48', '2026-05-25 19:52:48'),
(2048, 23, 'up', 'good', 0, 995, '192.168.1.5', '2026-05-25 19:52:54', NULL, '2026-05-25 19:52:54', '2026-05-25 19:52:54'),
(2049, 25, 'up', 'good', 0, 31, '192.168.1.8', '2026-05-25 19:52:55', NULL, '2026-05-25 19:52:55', '2026-05-25 19:52:55'),
(2050, 26, 'up', 'good', 0, 1004, '192.168.1.11', '2026-05-25 19:53:01', NULL, '2026-05-25 19:53:01', '2026-05-25 19:53:01'),
(2051, 22, 'up', 'good', 0, 1009, '192.168.1.3', '2026-05-25 19:53:18', NULL, '2026-05-25 19:53:18', '2026-05-25 19:53:18'),
(2052, 23, 'up', 'good', 0, 997, '192.168.1.5', '2026-05-25 19:53:24', NULL, '2026-05-25 19:53:24', '2026-05-25 19:53:24'),
(2053, 25, 'up', 'good', 0, 7, '192.168.1.8', '2026-05-25 19:53:25', NULL, '2026-05-25 19:53:25', '2026-05-25 19:53:25'),
(2054, 26, 'up', 'good', 0, 997, '192.168.1.11', '2026-05-25 19:53:30', NULL, '2026-05-25 19:53:30', '2026-05-25 19:53:30'),
(2055, 22, 'up', 'good', 0, 1004, '192.168.1.3', '2026-05-25 19:54:13', NULL, '2026-05-25 19:54:13', '2026-05-25 19:54:13'),
(2056, 23, 'up', 'good', 0, 1008, '192.168.1.5', '2026-05-25 19:54:19', NULL, '2026-05-25 19:54:19', '2026-05-25 19:54:19'),
(2057, 25, 'up', 'good', 0, 31, '192.168.1.8', '2026-05-25 19:54:20', NULL, '2026-05-25 19:54:20', '2026-05-25 19:54:20'),
(2058, 26, 'up', 'good', 0, 1003, '192.168.1.11', '2026-05-25 19:54:26', NULL, '2026-05-25 19:54:26', '2026-05-25 19:54:26'),
(2059, 22, 'up', 'good', 0, 983, '192.168.1.3', '2026-05-25 19:54:57', NULL, '2026-05-25 19:54:57', '2026-05-25 19:54:57'),
(2060, 23, 'up', 'good', 0, 999, '192.168.1.5', '2026-05-25 19:55:03', NULL, '2026-05-25 19:55:03', '2026-05-25 19:55:03'),
(2061, 25, 'up', 'good', 0, 13, '192.168.1.8', '2026-05-25 19:55:04', NULL, '2026-05-25 19:55:04', '2026-05-25 19:55:04'),
(2062, 26, 'up', 'good', 0, 1002, '192.168.1.11', '2026-05-25 19:55:10', NULL, '2026-05-25 19:55:10', '2026-05-25 19:55:10'),
(2063, 22, 'up', 'good', 0, 999, '192.168.1.3', '2026-05-25 19:55:18', NULL, '2026-05-25 19:55:18', '2026-05-25 19:55:18'),
(2064, 23, 'up', 'good', 0, 979, '192.168.1.5', '2026-05-25 19:55:24', NULL, '2026-05-25 19:55:24', '2026-05-25 19:55:24'),
(2065, 25, 'up', 'good', 0, 3, '192.168.1.8', '2026-05-25 19:55:25', NULL, '2026-05-25 19:55:25', '2026-05-25 19:55:25'),
(2066, 26, 'up', 'good', 0, 997, '192.168.1.11', '2026-05-25 19:55:30', NULL, '2026-05-25 19:55:30', '2026-05-25 19:55:30'),
(2067, 22, 'up', 'good', 0, 981, '192.168.1.3', '2026-05-25 19:55:48', NULL, '2026-05-25 19:55:48', '2026-05-25 19:55:48'),
(2068, 23, 'up', 'good', 0, 997, '192.168.1.5', '2026-05-25 19:55:54', NULL, '2026-05-25 19:55:54', '2026-05-25 19:55:54'),
(2069, 25, 'up', 'good', 0, 9, '192.168.1.8', '2026-05-25 19:55:55', NULL, '2026-05-25 19:55:55', '2026-05-25 19:55:55'),
(2070, 26, 'up', 'good', 0, 1014, '192.168.1.11', '2026-05-25 19:56:01', NULL, '2026-05-25 19:56:01', '2026-05-25 19:56:01'),
(2071, 22, 'up', 'good', 0, 997, '192.168.1.3', '2026-05-25 19:56:18', NULL, '2026-05-25 19:56:18', '2026-05-25 19:56:18'),
(2072, 23, 'up', 'good', 0, 995, '192.168.1.5', '2026-05-25 19:56:24', NULL, '2026-05-25 19:56:24', '2026-05-25 19:56:24'),
(2073, 25, 'up', 'good', 0, 4, '192.168.1.8', '2026-05-25 19:56:25', NULL, '2026-05-25 19:56:25', '2026-05-25 19:56:25'),
(2074, 26, 'up', 'good', 0, 1007, '192.168.1.11', '2026-05-25 19:56:30', NULL, '2026-05-25 19:56:30', '2026-05-25 19:56:30');

-- --------------------------------------------------------

--
-- Table structure for table `notification_logs`
--

CREATE TABLE `notification_logs` (
  `id` bigint UNSIGNED NOT NULL,
  `device_id` bigint UNSIGNED NOT NULL,
  `wa_number` varchar(255) COLLATE utf8mb4_unicode_ci NOT NULL,
  `message` text COLLATE utf8mb4_unicode_ci NOT NULL,
  `type` varchar(255) COLLATE utf8mb4_unicode_ci NOT NULL DEFAULT 'down',
  `is_sent` tinyint(1) NOT NULL DEFAULT '0',
  `response` text COLLATE utf8mb4_unicode_ci,
  `sent_at` timestamp NULL DEFAULT NULL,
  `created_at` timestamp NULL DEFAULT NULL,
  `updated_at` timestamp NULL DEFAULT NULL
) ENGINE=InnoDB DEFAULT CHARSET=utf8mb4 COLLATE=utf8mb4_unicode_ci;

--
-- Dumping data for table `notification_logs`
--

INSERT INTO `notification_logs` (`id`, `device_id`, `wa_number`, `message`, `type`, `is_sent`, `response`, `sent_at`, `created_at`, `updated_at`) VALUES
(146, 22, '6282145765294', '[slow] hapk', 'slow', 1, '{\"detail\":\"success! message in queue\",\"id\":[158354065],\"process\":\"pending\",\"quota\":{\"6282145765294\":{\"details\":\"deduced from total quota\",\"quota\":915,\"remaining\":914,\"used\":1}},\"requestid\":499718406,\"status\":true,\"target\":[\"6282145765294\"]}', '2026-05-22 20:17:01', '2026-05-22 20:17:01', '2026-05-22 20:17:01'),
(147, 22, '6282145765294', '[stable] hapk', 'stable', 1, '{\"detail\":\"success! message in queue\",\"id\":[158354103],\"process\":\"pending\",\"quota\":{\"6282145765294\":{\"details\":\"deduced from total quota\",\"quota\":914,\"remaining\":913,\"used\":1}},\"requestid\":499718895,\"status\":true,\"target\":[\"6282145765294\"]}', '2026-05-22 20:17:26', '2026-05-22 20:17:26', '2026-05-22 20:17:26'),
(149, 23, '6282145765294', '[slow] hp', 'slow', 1, '{\"detail\":\"success! message in queue\",\"id\":[158354980],\"process\":\"pending\",\"quota\":{\"6282145765294\":{\"details\":\"deduced from total quota\",\"quota\":912,\"remaining\":911,\"used\":1}},\"requestid\":499734676,\"status\":true,\"target\":[\"6282145765294\"]}', '2026-05-22 20:26:02', '2026-05-22 20:26:02', '2026-05-22 20:26:02'),
(150, 26, '6282145765294', '[down] hp hp', 'down', 1, '{\"detail\":\"success! message in queue\",\"id\":[158355001],\"process\":\"pending\",\"quota\":{\"6282145765294\":{\"details\":\"deduced from total quota\",\"quota\":911,\"remaining\":910,\"used\":1}},\"requestid\":499735084,\"status\":true,\"target\":[\"6282145765294\"]}', '2026-05-22 20:26:14', '2026-05-22 20:26:14', '2026-05-22 20:26:14'),
(151, 23, '6282145765294', '[stable] hp', 'stable', 1, '{\"detail\":\"success! message in queue\",\"id\":[158355026],\"process\":\"pending\",\"quota\":{\"6282145765294\":{\"details\":\"deduced from total quota\",\"quota\":910,\"remaining\":909,\"used\":1}},\"requestid\":499735408,\"status\":true,\"target\":[\"6282145765294\"]}', '2026-05-22 20:26:29', '2026-05-22 20:26:29', '2026-05-22 20:26:29'),
(152, 25, '6282145765294', '[slow] hp clau', 'slow', 1, '{\"detail\":\"success! message in queue\",\"id\":[158355079],\"process\":\"pending\",\"quota\":{\"6282145765294\":{\"details\":\"deduced from total quota\",\"quota\":909,\"remaining\":908,\"used\":1}},\"requestid\":499736050,\"status\":true,\"target\":[\"6282145765294\"]}', '2026-05-22 20:26:59', '2026-05-22 20:26:59', '2026-05-22 20:26:59'),
(153, 25, '6282145765294', '[stable] hp clau', 'stable', 1, '{\"detail\":\"success! message in queue\",\"id\":[158355174],\"process\":\"pending\",\"quota\":{\"6282145765294\":{\"details\":\"deduced from total quota\",\"quota\":908,\"remaining\":907,\"used\":1}},\"requestid\":499737151,\"status\":true,\"target\":[\"6282145765294\"]}', '2026-05-22 20:27:57', '2026-05-22 20:27:57', '2026-05-22 20:27:57'),
(154, 26, '6282145765294', '[recovery] hp hp', 'recovery', 1, '{\"detail\":\"success! message in queue\",\"id\":[158355438],\"process\":\"pending\",\"quota\":{\"6282145765294\":{\"details\":\"deduced from total quota\",\"quota\":907,\"remaining\":906,\"used\":1}},\"requestid\":499741984,\"status\":true,\"target\":[\"6282145765294\"]}', '2026-05-22 20:30:08', '2026-05-22 20:30:08', '2026-05-22 20:30:08'),
(155, 25, '6282145765294', '[down] hp clau', 'down', 1, '{\"detail\":\"success! message in queue\",\"id\":[158355543],\"process\":\"pending\",\"quota\":{\"6282145765294\":{\"details\":\"deduced from total quota\",\"quota\":906,\"remaining\":905,\"used\":1}},\"requestid\":499744759,\"status\":true,\"target\":[\"6282145765294\"]}', '2026-05-22 20:31:10', '2026-05-22 20:31:10', '2026-05-22 20:31:10'),
(156, 26, '6282145765294', '[slow] hp hp', 'slow', 1, '{\"detail\":\"success! message in queue\",\"id\":[158355545],\"process\":\"pending\",\"quota\":{\"6282145765294\":{\"details\":\"deduced from total quota\",\"quota\":905,\"remaining\":904,\"used\":1}},\"requestid\":499744807,\"status\":true,\"target\":[\"6282145765294\"]}', '2026-05-22 20:31:13', '2026-05-22 20:31:13', '2026-05-22 20:31:13'),
(157, 25, '6282145765294', '[recovery] hp clau', 'recovery', 1, '{\"detail\":\"success! message in queue\",\"id\":[158355584],\"process\":\"pending\",\"quota\":{\"6282145765294\":{\"details\":\"deduced from total quota\",\"quota\":904,\"remaining\":903,\"used\":1}},\"requestid\":499745336,\"status\":true,\"target\":[\"6282145765294\"]}', '2026-05-22 20:31:39', '2026-05-22 20:31:39', '2026-05-22 20:31:39'),
(158, 26, '6282145765294', '[stable] hp hp', 'stable', 1, '{\"detail\":\"success! message in queue\",\"id\":[158355592],\"process\":\"pending\",\"quota\":{\"6282145765294\":{\"details\":\"deduced from total quota\",\"quota\":903,\"remaining\":902,\"used\":1}},\"requestid\":499745379,\"status\":true,\"target\":[\"6282145765294\"]}', '2026-05-22 20:31:42', '2026-05-22 20:31:42', '2026-05-22 20:31:42'),
(159, 25, '6282145765294', '[bandwidth_high] hp clau', 'bandwidth_high', 1, '{\"detail\":\"success! message in queue\",\"id\":[158355773],\"process\":\"pending\",\"quota\":{\"6282145765294\":{\"details\":\"deduced from total quota\",\"quota\":902,\"remaining\":901,\"used\":1}},\"requestid\":499747863,\"status\":true,\"target\":[\"6282145765294\"]}', '2026-05-22 20:33:09', '2026-05-22 20:33:09', '2026-05-22 20:33:09'),
(160, 22, '6282145765294', '[down] hapk', 'down', 0, '{\"error\":\"cURL error 6: Could not resolve host: api.fonnte.com (see https:\\/\\/curl.haxx.se\\/libcurl\\/c\\/libcurl-errors.html) for https:\\/\\/api.fonnte.com\\/send\"}', '2026-05-22 20:47:09', '2026-05-22 20:47:09', '2026-05-22 20:47:09'),
(161, 23, '6282145765294', '[down] hp', 'down', 0, '{\"error\":\"cURL error 6: Could not resolve host: api.fonnte.com (see https:\\/\\/curl.haxx.se\\/libcurl\\/c\\/libcurl-errors.html) for https:\\/\\/api.fonnte.com\\/send\"}', '2026-05-22 20:47:09', '2026-05-22 20:47:09', '2026-05-22 20:47:09'),
(162, 25, '6282145765294', '[down] hp clau', 'down', 0, '{\"error\":\"cURL error 6: Could not resolve host: api.fonnte.com (see https:\\/\\/curl.haxx.se\\/libcurl\\/c\\/libcurl-errors.html) for https:\\/\\/api.fonnte.com\\/send\"}', '2026-05-22 20:47:09', '2026-05-22 20:47:09', '2026-05-22 20:47:09'),
(163, 26, '6282145765294', '[down] hp hp', 'down', 0, '{\"error\":\"cURL error 6: Could not resolve host: api.fonnte.com (see https:\\/\\/curl.haxx.se\\/libcurl\\/c\\/libcurl-errors.html) for https:\\/\\/api.fonnte.com\\/send\"}', '2026-05-22 20:47:10', '2026-05-22 20:47:10', '2026-05-22 20:47:10'),
(164, 22, '6282145765294', '[recovery] hapk', 'recovery', 0, '{\"error\":\"cURL error 6: Could not resolve host: api.fonnte.com (see https:\\/\\/curl.haxx.se\\/libcurl\\/c\\/libcurl-errors.html) for https:\\/\\/api.fonnte.com\\/send\"}', '2026-05-22 20:48:12', '2026-05-22 20:48:12', '2026-05-22 20:48:12'),
(165, 23, '6282145765294', '[recovery] hp', 'recovery', 0, '{\"error\":\"cURL error 6: Could not resolve host: api.fonnte.com (see https:\\/\\/curl.haxx.se\\/libcurl\\/c\\/libcurl-errors.html) for https:\\/\\/api.fonnte.com\\/send\"}', '2026-05-22 20:48:18', '2026-05-22 20:48:18', '2026-05-22 20:48:18'),
(166, 25, '6282145765294', '[recovery] hp clau', 'recovery', 0, '{\"error\":\"cURL error 7: Failed to connect to api.fonnte.com port 443 after 690 ms: Couldn\'t connect to server (see https:\\/\\/curl.haxx.se\\/libcurl\\/c\\/libcurl-errors.html) for https:\\/\\/api.fonnte.com\\/send\"}', '2026-05-22 20:48:25', '2026-05-22 20:48:25', '2026-05-22 20:48:25'),
(167, 26, '6282145765294', '[recovery] hp hp', 'recovery', 1, '{\"detail\":\"success! message in queue\",\"id\":[158357456],\"process\":\"pending\",\"quota\":{\"6282145765294\":{\"details\":\"deduced from total quota\",\"quota\":901,\"remaining\":900,\"used\":1}},\"requestid\":499768024,\"status\":true,\"target\":[\"6282145765294\"]}', '2026-05-22 20:49:11', '2026-05-22 20:49:11', '2026-05-22 20:49:11'),
(168, 22, '6282145765294', '[slow] hapk', 'slow', 1, '{\"detail\":\"success! message in queue\",\"id\":[158357625],\"process\":\"pending\",\"quota\":{\"6282145765294\":{\"details\":\"deduced from total quota\",\"quota\":900,\"remaining\":899,\"used\":1}},\"requestid\":499769895,\"status\":true,\"target\":[\"6282145765294\"]}', '2026-05-22 20:50:11', '2026-05-22 20:50:11', '2026-05-22 20:50:11'),
(169, 22, '6282145765294', '[down] hapk', 'down', 1, '{\"detail\":\"success! message in queue\",\"id\":[158358424],\"process\":\"pending\",\"quota\":{\"6282145765294\":{\"details\":\"deduced from total quota\",\"quota\":899,\"remaining\":898,\"used\":1}},\"requestid\":499777634,\"status\":true,\"target\":[\"6282145765294\"]}', '2026-05-22 20:57:17', '2026-05-22 20:57:17', '2026-05-22 20:57:17'),
(170, 25, '6282145765294', '[slow] hp clau', 'slow', 1, '{\"detail\":\"success! message in queue\",\"id\":[158358512],\"process\":\"pending\",\"quota\":{\"6282145765294\":{\"details\":\"deduced from total quota\",\"quota\":898,\"remaining\":897,\"used\":1}},\"requestid\":499779348,\"status\":true,\"target\":[\"6282145765294\"]}', '2026-05-22 20:58:19', '2026-05-22 20:58:19', '2026-05-22 20:58:19'),
(171, 23, '6282145765294', '[slow] hp', 'slow', 1, '{\"detail\":\"success! message in queue\",\"id\":[158358919],\"process\":\"pending\",\"quota\":{\"6282145765294\":{\"details\":\"deduced from total quota\",\"quota\":897,\"remaining\":896,\"used\":1}},\"requestid\":499783730,\"status\":true,\"target\":[\"6282145765294\"]}', '2026-05-22 21:00:17', '2026-05-22 21:00:17', '2026-05-22 21:00:17'),
(172, 26, '6282145765294', '[slow] hp hp', 'slow', 1, '{\"detail\":\"success! message in queue\",\"id\":[158359233],\"process\":\"pending\",\"quota\":{\"6282145765294\":{\"details\":\"deduced from total quota\",\"quota\":896,\"remaining\":895,\"used\":1}},\"requestid\":499787340,\"status\":true,\"target\":[\"6282145765294\"]}', '2026-05-22 21:02:18', '2026-05-22 21:02:18', '2026-05-22 21:02:18'),
(173, 22, '6282145765294', '[recovery] hapk', 'recovery', 1, '{\"detail\":\"success! message in queue\",\"id\":[158359665],\"process\":\"pending\",\"quota\":{\"6282145765294\":{\"details\":\"deduced from total quota\",\"quota\":895,\"remaining\":894,\"used\":1}},\"requestid\":499794153,\"status\":true,\"target\":[\"6282145765294\"]}', '2026-05-22 21:06:15', '2026-05-22 21:06:15', '2026-05-22 21:06:15'),
(174, 22, '6282145765294', '[bandwidth_high] hapk', 'bandwidth_high', 1, '{\"detail\":\"success! message in queue\",\"id\":[158359979],\"process\":\"pending\",\"quota\":{\"6282145765294\":{\"details\":\"deduced from total quota\",\"quota\":894,\"remaining\":893,\"used\":1}},\"requestid\":499796735,\"status\":true,\"target\":[\"6282145765294\"]}', '2026-05-22 21:08:15', '2026-05-22 21:08:15', '2026-05-22 21:08:15'),
(175, 22, '6282145765294', '[down] hapk', 'down', 1, '{\"detail\":\"success! message in queue\",\"id\":[158360288],\"process\":\"pending\",\"quota\":{\"6282145765294\":{\"details\":\"deduced from total quota\",\"quota\":893,\"remaining\":892,\"used\":1}},\"requestid\":499802480,\"status\":true,\"target\":[\"6282145765294\"]}', '2026-05-22 21:11:16', '2026-05-22 21:11:16', '2026-05-22 21:11:16'),
(176, 23, '6282145765294', '[down] hp', 'down', 0, '{\"error\":\"cURL error 6: Could not resolve host: api.fonnte.com (see https:\\/\\/curl.haxx.se\\/libcurl\\/c\\/libcurl-errors.html) for https:\\/\\/api.fonnte.com\\/send\"}', '2026-05-22 21:13:07', '2026-05-22 21:13:07', '2026-05-22 21:13:07'),
(177, 25, '6282145765294', '[down] hp clau', 'down', 0, '{\"error\":\"cURL error 6: Could not resolve host: api.fonnte.com (see https:\\/\\/curl.haxx.se\\/libcurl\\/c\\/libcurl-errors.html) for https:\\/\\/api.fonnte.com\\/send\"}', '2026-05-22 21:13:07', '2026-05-22 21:13:07', '2026-05-22 21:13:07'),
(178, 26, '6282145765294', '[down] hp hp', 'down', 0, '{\"error\":\"cURL error 6: Could not resolve host: api.fonnte.com (see https:\\/\\/curl.haxx.se\\/libcurl\\/c\\/libcurl-errors.html) for https:\\/\\/api.fonnte.com\\/send\"}', '2026-05-22 21:13:08', '2026-05-22 21:13:08', '2026-05-22 21:13:08'),
(179, 22, '6282145765294', '[recovery] hapk', 'recovery', 0, '{\"error\":\"cURL error 6: Could not resolve host: api.fonnte.com (see https:\\/\\/curl.haxx.se\\/libcurl\\/c\\/libcurl-errors.html) for https:\\/\\/api.fonnte.com\\/send\"}', '2026-05-22 21:14:12', '2026-05-22 21:14:12', '2026-05-22 21:14:12'),
(180, 23, '6282145765294', '[recovery] hp', 'recovery', 0, '{\"error\":\"cURL error 6: Could not resolve host: api.fonnte.com (see https:\\/\\/curl.haxx.se\\/libcurl\\/c\\/libcurl-errors.html) for https:\\/\\/api.fonnte.com\\/send\"}', '2026-05-22 21:14:18', '2026-05-22 21:14:18', '2026-05-22 21:14:18'),
(181, 25, '6282145765294', '[recovery] hp clau', 'recovery', 0, '{\"error\":\"cURL error 6: Could not resolve host: api.fonnte.com (see https:\\/\\/curl.haxx.se\\/libcurl\\/c\\/libcurl-errors.html) for https:\\/\\/api.fonnte.com\\/send\"}', '2026-05-22 21:14:24', '2026-05-22 21:14:24', '2026-05-22 21:14:24'),
(182, 26, '6282145765294', '[recovery] hp hp', 'recovery', 1, '{\"detail\":\"success! message in queue\",\"id\":[158360829],\"process\":\"pending\",\"quota\":{\"6282145765294\":{\"details\":\"deduced from total quota\",\"quota\":892,\"remaining\":891,\"used\":1}},\"requestid\":499806484,\"status\":true,\"target\":[\"6282145765294\"]}', '2026-05-22 21:14:32', '2026-05-22 21:14:32', '2026-05-22 21:14:32'),
(183, 22, '6282145765294', '[down] hapk', 'down', 1, '{\"detail\":\"success! message in queue\",\"id\":[158361125],\"process\":\"pending\",\"quota\":{\"6282145765294\":{\"details\":\"deduced from total quota\",\"quota\":891,\"remaining\":890,\"used\":1}},\"requestid\":499810701,\"status\":true,\"target\":[\"6282145765294\"]}', '2026-05-22 21:16:17', '2026-05-22 21:16:17', '2026-05-22 21:16:17'),
(184, 23, '6282145765294', '[stable] hp', 'stable', 1, '{\"detail\":\"success! message in queue\",\"id\":[158363145],\"process\":\"pending\",\"quota\":{\"6282145765294\":{\"details\":\"deduced from total quota\",\"quota\":890,\"remaining\":889,\"used\":1}},\"requestid\":499826120,\"status\":true,\"target\":[\"6282145765294\"]}', '2026-05-22 21:26:44', '2026-05-22 21:26:44', '2026-05-22 21:26:44'),
(185, 25, '6282145765294', '[down] hp clau', 'down', 1, '{\"detail\":\"success! message in queue\",\"id\":[158363266],\"process\":\"pending\",\"quota\":{\"6282145765294\":{\"details\":\"deduced from total quota\",\"quota\":889,\"remaining\":888,\"used\":1}},\"requestid\":499826788,\"status\":true,\"target\":[\"6282145765294\"]}', '2026-05-22 21:28:00', '2026-05-22 21:28:00', '2026-05-22 21:28:00'),
(186, 23, '6282145765294', '[down] hp', 'down', 1, '{\"detail\":\"success! message in queue\",\"id\":[158363346],\"process\":\"pending\",\"quota\":{\"6282145765294\":{\"details\":\"deduced from total quota\",\"quota\":888,\"remaining\":887,\"used\":1}},\"requestid\":499827455,\"status\":true,\"target\":[\"6282145765294\"]}', '2026-05-22 21:28:53', '2026-05-22 21:28:53', '2026-05-22 21:28:53'),
(187, 25, '6282145765294', '[recovery] hp clau', 'recovery', 1, '{\"detail\":\"success! message in queue\",\"id\":[158363368],\"process\":\"pending\",\"quota\":{\"6282145765294\":{\"details\":\"deduced from total quota\",\"quota\":887,\"remaining\":886,\"used\":1}},\"requestid\":499827695,\"status\":true,\"target\":[\"6282145765294\"]}', '2026-05-22 21:29:11', '2026-05-22 21:29:11', '2026-05-22 21:29:11'),
(188, 23, '6282145765294', '[recovery] hp', 'recovery', 1, '{\"detail\":\"success! message in queue\",\"id\":[158363443],\"process\":\"pending\",\"quota\":{\"6282145765294\":{\"details\":\"deduced from total quota\",\"quota\":886,\"remaining\":885,\"used\":1}},\"requestid\":499827955,\"status\":true,\"target\":[\"6282145765294\"]}', '2026-05-22 21:29:41', '2026-05-22 21:29:41', '2026-05-22 21:29:41'),
(189, 25, '6282145765294', '[stable] hp clau', 'stable', 1, '{\"detail\":\"success! message in queue\",\"id\":[158363452],\"process\":\"pending\",\"quota\":{\"6282145765294\":{\"details\":\"deduced from total quota\",\"quota\":885,\"remaining\":884,\"used\":1}},\"requestid\":499827976,\"status\":true,\"target\":[\"6282145765294\"]}', '2026-05-22 21:29:43', '2026-05-22 21:29:43', '2026-05-22 21:29:43'),
(190, 23, '6282145765294', '[down] hp', 'down', 1, '{\"detail\":\"success! message in queue\",\"id\":[158363584],\"process\":\"pending\",\"quota\":{\"6282145765294\":{\"details\":\"deduced from total quota\",\"quota\":884,\"remaining\":883,\"used\":1}},\"requestid\":499830071,\"status\":true,\"target\":[\"6282145765294\"]}', '2026-05-22 21:30:30', '2026-05-22 21:30:30', '2026-05-22 21:30:30'),
(191, 25, '6282145765294', '[down] hp clau', 'down', 1, '{\"detail\":\"success! message in queue\",\"id\":[158363619],\"process\":\"pending\",\"quota\":{\"6282145765294\":{\"details\":\"deduced from total quota\",\"quota\":883,\"remaining\":882,\"used\":1}},\"requestid\":499830592,\"status\":true,\"target\":[\"6282145765294\"]}', '2026-05-22 21:30:45', '2026-05-22 21:30:45', '2026-05-22 21:30:45'),
(192, 23, '6282145765294', '[recovery] hp', 'recovery', 1, '{\"detail\":\"success! message in queue\",\"id\":[158363688],\"process\":\"pending\",\"quota\":{\"6282145765294\":{\"details\":\"deduced from total quota\",\"quota\":882,\"remaining\":881,\"used\":1}},\"requestid\":499831012,\"status\":true,\"target\":[\"6282145765294\"]}', '2026-05-22 21:31:24', '2026-05-22 21:31:24', '2026-05-22 21:31:24'),
(193, 25, '6282145765294', '[recovery] hp clau', 'recovery', 1, '{\"detail\":\"success! message in queue\",\"id\":[158363696],\"process\":\"pending\",\"quota\":{\"6282145765294\":{\"details\":\"deduced from total quota\",\"quota\":881,\"remaining\":880,\"used\":1}},\"requestid\":499831032,\"status\":true,\"target\":[\"6282145765294\"]}', '2026-05-22 21:31:30', '2026-05-22 21:31:30', '2026-05-22 21:31:30'),
(194, 22, '6282145765294', '[recovery] hapk', 'recovery', 1, '{\"detail\":\"success! message in queue\",\"id\":[158363792],\"process\":\"pending\",\"quota\":{\"6282145765294\":{\"details\":\"deduced from total quota\",\"quota\":880,\"remaining\":879,\"used\":1}},\"requestid\":499831574,\"status\":true,\"target\":[\"6282145765294\"]}', '2026-05-22 21:32:20', '2026-05-22 21:32:20', '2026-05-22 21:32:20'),
(195, 23, '6282145765294', '[slow] hp', 'slow', 1, '{\"detail\":\"success! message in queue\",\"id\":[158363804],\"process\":\"pending\",\"quota\":{\"6282145765294\":{\"details\":\"deduced from total quota\",\"quota\":879,\"remaining\":878,\"used\":1}},\"requestid\":499831615,\"status\":true,\"target\":[\"6282145765294\"]}', '2026-05-22 21:32:26', '2026-05-22 21:32:26', '2026-05-22 21:32:26'),
(196, 25, '6282145765294', '[slow] hp clau', 'slow', 1, '{\"detail\":\"success! message in queue\",\"id\":[158363813],\"process\":\"pending\",\"quota\":{\"6282145765294\":{\"details\":\"deduced from total quota\",\"quota\":878,\"remaining\":877,\"used\":1}},\"requestid\":499831640,\"status\":true,\"target\":[\"6282145765294\"]}', '2026-05-22 21:32:30', '2026-05-22 21:32:30', '2026-05-22 21:32:30'),
(197, 26, '6282145765294', '[stable] hp hp', 'stable', 1, '{\"detail\":\"success! message in queue\",\"id\":[158363818],\"process\":\"pending\",\"quota\":{\"6282145765294\":{\"details\":\"deduced from total quota\",\"quota\":877,\"remaining\":876,\"used\":1}},\"requestid\":499831655,\"status\":true,\"target\":[\"6282145765294\"]}', '2026-05-22 21:32:31', '2026-05-22 21:32:31', '2026-05-22 21:32:31'),
(198, 22, '6282145765294', '[down] hapk', 'down', 1, '{\"detail\":\"success! message in queue\",\"id\":[158363923],\"process\":\"pending\",\"quota\":{\"6282145765294\":{\"details\":\"deduced from total quota\",\"quota\":876,\"remaining\":875,\"used\":1}},\"requestid\":499832158,\"status\":true,\"target\":[\"6282145765294\"]}', '2026-05-22 21:33:17', '2026-05-22 21:33:17', '2026-05-22 21:33:17'),
(199, 22, '6282145765294', '[recovery] hapk', 'recovery', 1, '{\"detail\":\"success! message in queue\",\"id\":[158364307],\"process\":\"pending\",\"quota\":{\"6282145765294\":{\"details\":\"deduced from total quota\",\"quota\":875,\"remaining\":874,\"used\":1}},\"requestid\":499835781,\"status\":true,\"target\":[\"6282145765294\"]}', '2026-05-22 21:36:13', '2026-05-22 21:36:13', '2026-05-22 21:36:13'),
(200, 22, '6282145765294', '[down] hapk', 'down', 1, '{\"detail\":\"success! message in queue\",\"id\":[158364458],\"process\":\"pending\",\"quota\":{\"6282145765294\":{\"details\":\"deduced from total quota\",\"quota\":874,\"remaining\":873,\"used\":1}},\"requestid\":499836395,\"status\":true,\"target\":[\"6282145765294\"]}', '2026-05-22 21:37:17', '2026-05-22 21:37:17', '2026-05-22 21:37:17'),
(201, 26, '6282145765294', '[slow] hp hp', 'slow', 1, '{\"detail\":\"success! message in queue\",\"id\":[158366051],\"process\":\"pending\",\"quota\":{\"6282145765294\":{\"details\":\"deduced from total quota\",\"quota\":873,\"remaining\":872,\"used\":1}},\"requestid\":499846941,\"status\":true,\"target\":[\"6282145765294\"]}', '2026-05-22 21:48:21', '2026-05-22 21:48:21', '2026-05-22 21:48:21'),
(202, 22, '6282145765294', '[recovery] hapk', 'recovery', 1, '{\"detail\":\"success! message in queue\",\"id\":[158374740],\"process\":\"pending\",\"quota\":{\"6282145765294\":{\"details\":\"deduced from total quota\",\"quota\":872,\"remaining\":871,\"used\":1}},\"requestid\":499912624,\"status\":true,\"target\":[\"6282145765294\"]}', '2026-05-22 22:57:00', '2026-05-22 22:57:00', '2026-05-22 22:57:00'),
(203, 23, '6282145765294', '[stable] hp', 'stable', 1, '{\"detail\":\"success! message in queue\",\"id\":[158374746],\"process\":\"pending\",\"quota\":{\"6282145765294\":{\"details\":\"deduced from total quota\",\"quota\":871,\"remaining\":870,\"used\":1}},\"requestid\":499912675,\"status\":true,\"target\":[\"6282145765294\"]}', '2026-05-22 22:57:03', '2026-05-22 22:57:03', '2026-05-22 22:57:03'),
(204, 25, '6282145765294', '[slow] hp clau', 'slow', 1, '{\"detail\":\"success! message in queue\",\"id\":[158374755],\"process\":\"pending\",\"quota\":{\"6282145765294\":{\"details\":\"deduced from total quota\",\"quota\":870,\"remaining\":869,\"used\":1}},\"requestid\":499912824,\"status\":true,\"target\":[\"6282145765294\"]}', '2026-05-22 22:57:06', '2026-05-22 22:57:06', '2026-05-22 22:57:06'),
(205, 26, '6282145765294', '[stable] hp hp', 'stable', 1, '{\"detail\":\"success! message in queue\",\"id\":[158374759],\"process\":\"pending\",\"quota\":{\"6282145765294\":{\"details\":\"deduced from total quota\",\"quota\":869,\"remaining\":868,\"used\":1}},\"requestid\":499912873,\"status\":true,\"target\":[\"6282145765294\"]}', '2026-05-22 22:57:09', '2026-05-22 22:57:09', '2026-05-22 22:57:09'),
(206, 22, '6282145765294', '[slow] hapk', 'slow', 1, '{\"detail\":\"success! message in queue\",\"id\":[158375428],\"process\":\"pending\",\"quota\":{\"6282145765294\":{\"details\":\"deduced from total quota\",\"quota\":868,\"remaining\":867,\"used\":1}},\"requestid\":499917807,\"status\":true,\"target\":[\"6282145765294\"]}', '2026-05-22 23:01:45', '2026-05-22 23:01:45', '2026-05-22 23:01:45'),
(207, 23, '6282145765294', '[down] hp', 'down', 1, '{\"detail\":\"success! message in queue\",\"id\":[158375449],\"process\":\"pending\",\"quota\":{\"6282145765294\":{\"details\":\"deduced from total quota\",\"quota\":867,\"remaining\":866,\"used\":1}},\"requestid\":499917873,\"status\":true,\"target\":[\"6282145765294\"]}', '2026-05-22 23:01:57', '2026-05-22 23:01:57', '2026-05-22 23:01:57'),
(208, 25, '6282145765294', '[stable] hp clau', 'stable', 1, '{\"detail\":\"success! message in queue\",\"id\":[158375457],\"process\":\"pending\",\"quota\":{\"6282145765294\":{\"details\":\"deduced from total quota\",\"quota\":866,\"remaining\":865,\"used\":1}},\"requestid\":499917898,\"status\":true,\"target\":[\"6282145765294\"]}', '2026-05-22 23:02:00', '2026-05-22 23:02:00', '2026-05-22 23:02:00'),
(209, 26, '6282145765294', '[slow] hp hp', 'slow', 1, '{\"detail\":\"success! message in queue\",\"id\":[158375505],\"process\":\"pending\",\"quota\":{\"6282145765294\":{\"details\":\"deduced from total quota\",\"quota\":865,\"remaining\":864,\"used\":1}},\"requestid\":499918268,\"status\":true,\"target\":[\"6282145765294\"]}', '2026-05-22 23:02:22', '2026-05-22 23:02:22', '2026-05-22 23:02:22'),
(210, 22, '6282145765294', '[bandwidth_high] hapk', 'bandwidth_high', 1, '{\"detail\":\"success! message in queue\",\"id\":[158375613],\"process\":\"pending\",\"quota\":{\"6282145765294\":{\"details\":\"deduced from total quota\",\"quota\":864,\"remaining\":863,\"used\":1}},\"requestid\":499918938,\"status\":true,\"target\":[\"6282145765294\"]}', '2026-05-22 23:03:44', '2026-05-22 23:03:44', '2026-05-22 23:03:44'),
(211, 23, '6282145765294', '[recovery] hp', 'recovery', 1, '{\"detail\":\"success! message in queue\",\"id\":[158375877],\"process\":\"pending\",\"quota\":{\"6282145765294\":{\"details\":\"deduced from total quota\",\"quota\":863,\"remaining\":862,\"used\":1}},\"requestid\":499922577,\"status\":true,\"target\":[\"6282145765294\"]}', '2026-05-22 23:06:19', '2026-05-22 23:06:19', '2026-05-22 23:06:19'),
(212, 22, '6282145765294', '[down] hapk', 'down', 1, '{\"detail\":\"success! message in queue\",\"id\":[158375941],\"process\":\"pending\",\"quota\":{\"6282145765294\":{\"details\":\"deduced from total quota\",\"quota\":862,\"remaining\":861,\"used\":1}},\"requestid\":499922947,\"status\":true,\"target\":[\"6282145765294\"]}', '2026-05-22 23:06:49', '2026-05-22 23:06:49', '2026-05-22 23:06:49'),
(213, 22, '6282145765294', '[recovery] hapk', 'recovery', 1, '{\"detail\":\"success! message in queue\",\"id\":[158376179],\"process\":\"pending\",\"quota\":{\"6282145765294\":{\"details\":\"deduced from total quota\",\"quota\":861,\"remaining\":860,\"used\":1}},\"requestid\":499924867,\"status\":true,\"target\":[\"6282145765294\"]}', '2026-05-22 23:09:32', '2026-05-22 23:09:32', '2026-05-22 23:09:32'),
(214, 25, '6282145765294', '[bandwidth_high] hp clau', 'bandwidth_high', 1, '{\"detail\":\"success! message in queue\",\"id\":[158376181],\"process\":\"pending\",\"quota\":{\"6282145765294\":{\"details\":\"deduced from total quota\",\"quota\":860,\"remaining\":859,\"used\":1}},\"requestid\":499924909,\"status\":true,\"target\":[\"6282145765294\"]}', '2026-05-22 23:09:36', '2026-05-22 23:09:36', '2026-05-22 23:09:36'),
(215, 23, '6282145765294', '[slow] hp', 'slow', 1, '{\"detail\":\"success! message in queue\",\"id\":[158376206],\"process\":\"pending\",\"quota\":{\"6282145765294\":{\"details\":\"deduced from total quota\",\"quota\":859,\"remaining\":858,\"used\":1}},\"requestid\":499924976,\"status\":true,\"target\":[\"6282145765294\"]}', '2026-05-22 23:09:46', '2026-05-22 23:09:46', '2026-05-22 23:09:46'),
(216, 22, '6282145765294', '[down] hapk', 'down', 1, '{\"detail\":\"success! message in queue\",\"id\":[158376777],\"process\":\"pending\",\"quota\":{\"6282145765294\":{\"details\":\"deduced from total quota\",\"quota\":858,\"remaining\":857,\"used\":1}},\"requestid\":499928569,\"status\":true,\"target\":[\"6282145765294\"]}', '2026-05-22 23:12:29', '2026-05-22 23:12:29', '2026-05-22 23:12:29'),
(217, 25, '6282145765294', '[down] hp clau', 'down', 1, '{\"detail\":\"success! message in queue\",\"id\":[158377860],\"process\":\"pending\",\"quota\":{\"6282145765294\":{\"details\":\"deduced from total quota\",\"quota\":857,\"remaining\":856,\"used\":1}},\"requestid\":499939769,\"status\":true,\"target\":[\"6282145765294\"]}', '2026-05-22 23:23:38', '2026-05-22 23:23:38', '2026-05-22 23:23:38'),
(218, 25, '6282145765294', '[recovery] hp clau', 'recovery', 1, '{\"detail\":\"success! message in queue\",\"id\":[158377908],\"process\":\"pending\",\"quota\":{\"6282145765294\":{\"details\":\"deduced from total quota\",\"quota\":856,\"remaining\":855,\"used\":1}},\"requestid\":499940320,\"status\":true,\"target\":[\"6282145765294\"]}', '2026-05-22 23:24:24', '2026-05-22 23:24:24', '2026-05-22 23:24:24'),
(219, 25, '6282145765294', '[slow] hp clau', 'slow', 1, '{\"detail\":\"success! message in queue\",\"id\":[158378181],\"process\":\"pending\",\"quota\":{\"6282145765294\":{\"details\":\"deduced from total quota\",\"quota\":855,\"remaining\":854,\"used\":1}},\"requestid\":499944423,\"status\":true,\"target\":[\"6282145765294\"]}', '2026-05-22 23:27:24', '2026-05-22 23:27:24', '2026-05-22 23:27:24'),
(220, 22, '6282145765294', '[recovery] hapk', 'recovery', 1, '{\"detail\":\"success! message in queue\",\"id\":[158814512],\"process\":\"pending\",\"quota\":{\"6282145765294\":{\"details\":\"deduced from total quota\",\"quota\":661,\"remaining\":660,\"used\":1}},\"requestid\":504518053,\"status\":true,\"target\":[\"6282145765294\"]}', '2026-05-25 19:35:25', '2026-05-25 19:35:25', '2026-05-25 19:35:25'),
(221, 22, '6282145765294', '[bandwidth_high] hapk', 'bandwidth_high', 1, '{\"detail\":\"success! message in queue\",\"id\":[158814517],\"process\":\"pending\",\"quota\":{\"6282145765294\":{\"details\":\"deduced from total quota\",\"quota\":660,\"remaining\":659,\"used\":1}},\"requestid\":504518139,\"status\":true,\"target\":[\"6282145765294\"]}', '2026-05-25 19:35:26', '2026-05-25 19:35:26', '2026-05-25 19:35:26'),
(222, 23, '6282145765294', '[slow] hp', 'slow', 1, '{\"detail\":\"success! message in queue\",\"id\":[158814549],\"process\":\"pending\",\"quota\":{\"6282145765294\":{\"details\":\"deduced from total quota\",\"quota\":659,\"remaining\":658,\"used\":1}},\"requestid\":504518554,\"status\":true,\"target\":[\"6282145765294\"]}', '2026-05-25 19:35:35', '2026-05-25 19:35:35', '2026-05-25 19:35:35'),
(223, 25, '6282145765294', '[slow] hp clau', 'slow', 1, '{\"detail\":\"success! message in queue\",\"id\":[158814557],\"process\":\"pending\",\"quota\":{\"6282145765294\":{\"details\":\"deduced from total quota\",\"quota\":658,\"remaining\":657,\"used\":1}},\"requestid\":504518597,\"status\":true,\"target\":[\"6282145765294\"]}', '2026-05-25 19:35:38', '2026-05-25 19:35:38', '2026-05-25 19:35:38'),
(224, 25, '6282145765294', '[bandwidth_high] hp clau', 'bandwidth_high', 1, '{\"detail\":\"success! message in queue\",\"id\":[158814564],\"process\":\"pending\",\"quota\":{\"6282145765294\":{\"details\":\"deduced from total quota\",\"quota\":657,\"remaining\":656,\"used\":1}},\"requestid\":504518624,\"status\":true,\"target\":[\"6282145765294\"]}', '2026-05-25 19:35:41', '2026-05-25 19:35:41', '2026-05-25 19:35:41'),
(225, 26, '6282145765294', '[slow] hp hp', 'slow', 1, '{\"detail\":\"success! message in queue\",\"id\":[158814596],\"process\":\"pending\",\"quota\":{\"6282145765294\":{\"details\":\"deduced from total quota\",\"quota\":656,\"remaining\":655,\"used\":1}},\"requestid\":504518690,\"status\":true,\"target\":[\"6282145765294\"]}', '2026-05-25 19:35:50', '2026-05-25 19:35:50', '2026-05-25 19:35:50'),
(226, 22, '6282145765294', '[slow] hapk', 'slow', 1, '{\"detail\":\"success! message in queue\",\"id\":[158814687],\"process\":\"pending\",\"quota\":{\"6282145765294\":{\"details\":\"deduced from total quota\",\"quota\":655,\"remaining\":654,\"used\":1}},\"requestid\":504519191,\"status\":true,\"target\":[\"6282145765294\"]}', '2026-05-25 19:36:21', '2026-05-25 19:36:21', '2026-05-25 19:36:21'),
(227, 25, '6282145765294', '[stable] hp clau', 'stable', 1, '{\"detail\":\"success! message in queue\",\"id\":[158814760],\"process\":\"pending\",\"quota\":{\"6282145765294\":{\"details\":\"deduced from total quota\",\"quota\":654,\"remaining\":653,\"used\":1}},\"requestid\":504519451,\"status\":true,\"target\":[\"6282145765294\"]}', '2026-05-25 19:36:58', '2026-05-25 19:36:58', '2026-05-25 19:36:58'),
(228, 23, '6282145765294', '[bandwidth_high] hp', 'bandwidth_high', 1, '{\"detail\":\"success! message in queue\",\"id\":[158814847],\"process\":\"pending\",\"quota\":{\"6282145765294\":{\"details\":\"deduced from total quota\",\"quota\":653,\"remaining\":652,\"used\":1}},\"requestid\":504519804,\"status\":true,\"target\":[\"6282145765294\"]}', '2026-05-25 19:37:26', '2026-05-25 19:37:26', '2026-05-25 19:37:26'),
(229, 26, '6282145765294', '[bandwidth_high] hp hp', 'bandwidth_high', 1, '{\"detail\":\"success! message in queue\",\"id\":[158814871],\"process\":\"pending\",\"quota\":{\"6282145765294\":{\"details\":\"deduced from total quota\",\"quota\":652,\"remaining\":651,\"used\":1}},\"requestid\":504519876,\"status\":true,\"target\":[\"6282145765294\"]}', '2026-05-25 19:37:34', '2026-05-25 19:37:34', '2026-05-25 19:37:34');

-- --------------------------------------------------------

--
-- Table structure for table `password_reset_tokens`
--

CREATE TABLE `password_reset_tokens` (
  `email` varchar(255) COLLATE utf8mb4_unicode_ci NOT NULL,
  `token` varchar(255) COLLATE utf8mb4_unicode_ci NOT NULL,
  `created_at` timestamp NULL DEFAULT NULL
) ENGINE=InnoDB DEFAULT CHARSET=utf8mb4 COLLATE=utf8mb4_unicode_ci;

-- --------------------------------------------------------

--
-- Table structure for table `sessions`
--

CREATE TABLE `sessions` (
  `id` varchar(255) COLLATE utf8mb4_unicode_ci NOT NULL,
  `user_id` bigint UNSIGNED DEFAULT NULL,
  `ip_address` varchar(45) COLLATE utf8mb4_unicode_ci DEFAULT NULL,
  `user_agent` text COLLATE utf8mb4_unicode_ci,
  `payload` longtext COLLATE utf8mb4_unicode_ci NOT NULL,
  `last_activity` int NOT NULL
) ENGINE=InnoDB DEFAULT CHARSET=utf8mb4 COLLATE=utf8mb4_unicode_ci;

--
-- Dumping data for table `sessions`
--

INSERT INTO `sessions` (`id`, `user_id`, `ip_address`, `user_agent`, `payload`, `last_activity`) VALUES
('9utwB7sns1XD3DhJAErXHpD4pYwmY2ujdi0V65cs', 1, '127.0.0.1', 'Mozilla/5.0 (Windows NT 10.0; Win64; x64) AppleWebKit/537.36 (KHTML, like Gecko) Chrome/148.0.0.0 Safari/537.36 Edg/148.0.0.0', 'eyJfdG9rZW4iOiJLMWJKbEh6dUlOVkQ5VG1oVWFwbU9LU3pFWlVNY3NvTEw2ZmFkd05ZIiwibG9naW5fd2ViXzU5YmEzNmFkZGMyYjJmOTQwMTU4MGYwMTRjN2Y1OGVhNGUzMDk4OWQiOjEsIl9wcmV2aW91cyI6eyJ1cmwiOiJodHRwOlwvXC9tb25pdG9yaW5nLWphcmluZ2FuLnRlc3Q6ODA4MCIsInJvdXRlIjoiZGFzaGJvYXJkIn0sIl9mbGFzaCI6eyJvbGQiOltdLCJuZXciOltdfX0=', 1779524844),
('FySQ4627kS8Tf2W36oOpUP2Mm8zazpFe1XudHR04', 1, '127.0.0.1', 'Mozilla/5.0 (Windows NT 10.0; Win64; x64) AppleWebKit/537.36 (KHTML, like Gecko) Chrome/148.0.0.0 Safari/537.36 Edg/148.0.0.0', 'eyJfdG9rZW4iOiJVeVRaYXBwcjBsQk1sZDR3SkVmdFhEV2l1TmtHNUYzaDhWanN2VXA4IiwiX2ZsYXNoIjp7Im9sZCI6W10sIm5ldyI6W119fQ==', 1779542607),
('GCIPWw9pTIyAT9arm1oQW1S3VHFeGAoR94q096FX', 1, '127.0.0.1', 'Mozilla/5.0 (Windows NT 10.0; Win64; x64) AppleWebKit/537.36 (KHTML, like Gecko) Chrome/148.0.0.0 Safari/537.36 Edg/148.0.0.0', 'eyJfdG9rZW4iOiJNNFdDZWZnaXZpVXlEVlhieVpuUWxTaGNTYUtCTFE4ZlNwWlRVM2VaIiwibG9naW5fd2ViXzU5YmEzNmFkZGMyYjJmOTQwMTU4MGYwMTRjN2Y1OGVhNGUzMDk4OWQiOjEsIl9wcmV2aW91cyI6eyJ1cmwiOiJodHRwOlwvXC9tb25pdG9yaW5nLWphcmluZ2FuLnRlc3Q6ODA4MCIsInJvdXRlIjoiZGFzaGJvYXJkIn0sIl9mbGFzaCI6eyJvbGQiOltdLCJuZXciOltdfX0=', 1779771390);

-- --------------------------------------------------------

--
-- Table structure for table `users`
--

CREATE TABLE `users` (
  `id` bigint UNSIGNED NOT NULL,
  `name` varchar(255) COLLATE utf8mb4_unicode_ci NOT NULL,
  `email` varchar(255) COLLATE utf8mb4_unicode_ci NOT NULL,
  `email_verified_at` timestamp NULL DEFAULT NULL,
  `password` varchar(255) COLLATE utf8mb4_unicode_ci NOT NULL,
  `remember_token` varchar(100) COLLATE utf8mb4_unicode_ci DEFAULT NULL,
  `created_at` timestamp NULL DEFAULT NULL,
  `updated_at` timestamp NULL DEFAULT NULL
) ENGINE=InnoDB DEFAULT CHARSET=utf8mb4 COLLATE=utf8mb4_unicode_ci;

--
-- Dumping data for table `users`
--

INSERT INTO `users` (`id`, `name`, `email`, `email_verified_at`, `password`, `remember_token`, `created_at`, `updated_at`) VALUES
(1, 'Administrator', 'admin@disnakertrans.go.id', NULL, '$2y$12$MvtuFYTKrLtg3QHu24YzYeGlzeC8UWJ2AECL.mgGqMOlaqK.MFUI2', '4Veccm1CJEmKiygqvyihjtDJ8p9w2EzsSFatGbkcgjZgVQxBHTWJRkmDBWkj', '2026-05-14 23:52:09', '2026-05-14 23:52:09');

--
-- Indexes for dumped tables
--

--
-- Indexes for table `cache`
--
ALTER TABLE `cache`
  ADD PRIMARY KEY (`key`),
  ADD KEY `cache_expiration_index` (`expiration`);

--
-- Indexes for table `cache_locks`
--
ALTER TABLE `cache_locks`
  ADD PRIMARY KEY (`key`),
  ADD KEY `cache_locks_expiration_index` (`expiration`);

--
-- Indexes for table `devices`
--
ALTER TABLE `devices`
  ADD PRIMARY KEY (`id`);

--
-- Indexes for table `failed_jobs`
--
ALTER TABLE `failed_jobs`
  ADD PRIMARY KEY (`id`),
  ADD UNIQUE KEY `failed_jobs_uuid_unique` (`uuid`);

--
-- Indexes for table `jobs`
--
ALTER TABLE `jobs`
  ADD PRIMARY KEY (`id`),
  ADD KEY `jobs_queue_index` (`queue`);

--
-- Indexes for table `job_batches`
--
ALTER TABLE `job_batches`
  ADD PRIMARY KEY (`id`);

--
-- Indexes for table `migrations`
--
ALTER TABLE `migrations`
  ADD PRIMARY KEY (`id`);

--
-- Indexes for table `monitoring_logs`
--
ALTER TABLE `monitoring_logs`
  ADD PRIMARY KEY (`id`),
  ADD KEY `monitoring_logs_device_id_checked_at_index` (`device_id`,`checked_at`),
  ADD KEY `monitoring_logs_status_index` (`status`);

--
-- Indexes for table `notification_logs`
--
ALTER TABLE `notification_logs`
  ADD PRIMARY KEY (`id`),
  ADD KEY `notification_logs_device_id_foreign` (`device_id`);

--
-- Indexes for table `password_reset_tokens`
--
ALTER TABLE `password_reset_tokens`
  ADD PRIMARY KEY (`email`);

--
-- Indexes for table `sessions`
--
ALTER TABLE `sessions`
  ADD PRIMARY KEY (`id`),
  ADD KEY `sessions_user_id_index` (`user_id`),
  ADD KEY `sessions_last_activity_index` (`last_activity`);

--
-- Indexes for table `users`
--
ALTER TABLE `users`
  ADD PRIMARY KEY (`id`),
  ADD UNIQUE KEY `users_email_unique` (`email`);

--
-- AUTO_INCREMENT for dumped tables
--

--
-- AUTO_INCREMENT for table `devices`
--
ALTER TABLE `devices`
  MODIFY `id` bigint UNSIGNED NOT NULL AUTO_INCREMENT, AUTO_INCREMENT=27;

--
-- AUTO_INCREMENT for table `failed_jobs`
--
ALTER TABLE `failed_jobs`
  MODIFY `id` bigint UNSIGNED NOT NULL AUTO_INCREMENT;

--
-- AUTO_INCREMENT for table `jobs`
--
ALTER TABLE `jobs`
  MODIFY `id` bigint UNSIGNED NOT NULL AUTO_INCREMENT;

--
-- AUTO_INCREMENT for table `migrations`
--
ALTER TABLE `migrations`
  MODIFY `id` int UNSIGNED NOT NULL AUTO_INCREMENT, AUTO_INCREMENT=9;

--
-- AUTO_INCREMENT for table `monitoring_logs`
--
ALTER TABLE `monitoring_logs`
  MODIFY `id` bigint UNSIGNED NOT NULL AUTO_INCREMENT, AUTO_INCREMENT=2075;

--
-- AUTO_INCREMENT for table `notification_logs`
--
ALTER TABLE `notification_logs`
  MODIFY `id` bigint UNSIGNED NOT NULL AUTO_INCREMENT, AUTO_INCREMENT=230;

--
-- AUTO_INCREMENT for table `users`
--
ALTER TABLE `users`
  MODIFY `id` bigint UNSIGNED NOT NULL AUTO_INCREMENT, AUTO_INCREMENT=2;

--
-- Constraints for dumped tables
--

--
-- Constraints for table `monitoring_logs`
--
ALTER TABLE `monitoring_logs`
  ADD CONSTRAINT `monitoring_logs_device_id_foreign` FOREIGN KEY (`device_id`) REFERENCES `devices` (`id`) ON DELETE CASCADE;

--
-- Constraints for table `notification_logs`
--
ALTER TABLE `notification_logs`
  ADD CONSTRAINT `notification_logs_device_id_foreign` FOREIGN KEY (`device_id`) REFERENCES `devices` (`id`) ON DELETE CASCADE;
COMMIT;

/*!40101 SET CHARACTER_SET_CLIENT=@OLD_CHARACTER_SET_CLIENT */;
/*!40101 SET CHARACTER_SET_RESULTS=@OLD_CHARACTER_SET_RESULTS */;
/*!40101 SET COLLATION_CONNECTION=@OLD_COLLATION_CONNECTION */;
